yearMonth,country,species,class,monthlyCases
"""2006-3""","""AF""","""Aves""","""Aves""",18
"""2007-2""","""AF""","""Aves""","""Aves""",73
"""2006-2""","""AL""","""Aves""","""Aves""",123
"""2006-3""","""AL""","""Aves""","""Aves""",141
"""2022-3""","""AL""","""Pelecanus crispus""","""Aves""",3
"""2022-11""","""AT""","""Aves""","""Aves""",40
"""2022-12""","""AT""","""Cygnus olor""","""Aves""",5
"""2023-1""","""AT""","""Cygnus olor""","""Aves""",50
"""2023-1""","""AT""","""Aves""","""Aves""",40
"""2023-1""","""AT""","""Chroicocephalus ridibundus""","""Aves""",8
"""2023-1""","""AT""","""Anas platyrhynchos""","""Aves""",6
"""2023-1""","""AT""","""Larus argentatus""","""Aves""",4
"""2023-1""","""AT""","""Accipiter nisus""","""Aves""",2
"""2023-1""","""AT""","""Anser anser""","""Aves""",1
"""2023-1""","""AT""","""Ardea cinerea""","""Aves""",1
"""2023-1""","""AT""","""Ardea alba""","""Aves""",1
"""2023-2""","""AT""","""Cygnus olor""","""Aves""",13
"""2023-2""","""AT""","""Chroicocephalus ridibundus""","""Aves""",5
"""2023-2""","""AT""","""Ardea cinerea""","""Aves""",3
"""2023-2""","""AT""","""Ardea alba""","""Aves""",1
"""2023-2""","""AT""","""Fringilla coelebs""","""Aves""",1
"""2023-3""","""AT""","""Chroicocephalus ridibundus""","""Aves""",11
"""2023-3""","""AT""","""Cygnus olor""","""Aves""",4
"""2023-3""","""AT""","""Phalacrocorax carbo""","""Aves""",1
"""2023-3""","""AT""","""Accipiter nisus""","""Aves""",1
"""2023-4""","""AT""","""Chroicocephalus ridibundus""","""Aves""",7
"""2023-4""","""AT""","""Accipiter gentilis""","""Aves""",1
"""2023-5""","""AT""","""Chroicocephalus ridibundus""","""Aves""",22
"""2023-5""","""AT""","""Sterna hirundo""","""Aves""",3
"""2023-5""","""AT""","""Anas platyrhynchos""","""Aves""",2
"""2023-5""","""AT""","""Podiceps cristatus""","""Aves""",1
"""2023-5""","""AT""","""Gallinula chloropus""","""Aves""",1
"""2023-6""","""AT""","""Sterna hirundo""","""Aves""",2
"""2023-6""","""AX""","""Somateria mollissima""","""Aves""",2
"""2007-10""","""BD""","""Aves""","""Aves""",243
"""2007-11""","""BD""","""Aves""","""Aves""",1194
"""2007-12""","""BD""","""Aves""","""Aves""",2504
"""2007-2""","""BD""","""Aves""","""Aves""",12023
"""2007-3""","""BD""","""Aves""","""Aves""",4965
"""2007-4""","""BD""","""Aves""","""Aves""",7378
"""2007-5""","""BD""","""Aves""","""Aves""",1497
"""2007-6""","""BD""","""Aves""","""Aves""",11280
"""2007-7""","""BD""","""Aves""","""Aves""",7
"""2007-9""","""BD""","""Aves""","""Aves""",1322
"""2008-1""","""BD""","""Aves""","""Aves""",35073
"""2008-11""","""BD""","""Aves""","""Aves""",14
"""2008-12""","""BD""","""Aves""","""Aves""",105
"""2008-2""","""BD""","""Aves""","""Aves""",113103
"""2008-3""","""BD""","""Aves""","""Aves""",87036
"""2008-4""","""BD""","""Aves""","""Aves""",4978
"""2008-5""","""BD""","""Aves""","""Aves""",3642
"""2008-9""","""BD""","""Aves""","""Aves""",760
"""2009-1""","""BD""","""Aves""","""Aves""",293
"""2009-2""","""BD""","""Aves""","""Aves""",1136
"""2009-3""","""BD""","""Aves""","""Aves""",112
"""2010-2""","""BD""","""Aves""","""Aves""",1342
"""2010-3""","""BD""","""Aves""","""Aves""",1528
"""2011-2""","""BD""","""Aves""","""Aves""",14745
"""2011-3""","""BD""","""Aves""","""Aves""",30595
"""2012-1""","""BD""","""Aves""","""Aves""",4229
"""2012-3""","""BD""","""Aves""","""Aves""",2000
"""2012-4""","""BD""","""Aves""","""Aves""",3168
"""2022-10""","""BE""","""Aves""","""Aves""",1013
"""2022-11""","""BE""","""Aves""","""Aves""",50
"""2022-12""","""BE""","""Aves""","""Aves""",195
"""2022-3""","""BE""","""Aves""","""Aves""",193
"""2022-9""","""BE""","""Aves""","""Aves""",57795
"""2023-1""","""BE""","""Aves""","""Aves""",537
"""2023-2""","""BE""","""Aves""","""Aves""",622
"""2023-1""","""BG""","""Aves""","""Aves""",2500
"""2023-3""","""BG""","""Aves""","""Aves""",24
"""2023-1""","""BO""","""Aves""","""Aves""",68582
"""2023-2""","""BO""","""Aves""","""Aves""",183455
"""2023-3""","""BO""","""Aves""","""Aves""",44821
"""2023-1""","""BR""","""Bos taurus""","""Mammalia""",1
"""2023-5""","""BR""","""Cygnus melancoryphus""","""Aves""",101
"""2023-5""","""BR""","""Thalasseus maximus""","""Aves""",1
"""2023-5""","""BR""","""Sterna hirundo""","""Aves""",1
"""2023-5""","""BR""","""Megascops choliba""","""Aves""",1
"""2023-5""","""BR""","""Phalacrocorax brasilianus""","""Aves""",1
"""2023-5""","""BR""","""Chroicocephalus cirrocephalus""","""Aves""",1
"""2023-5""","""BR""","""Sula leucogaster""","""Aves""",1
"""2023-6""","""BR""","""Thalasseus maximus""","""Aves""",21
"""2023-6""","""BR""","""Aves""","""Aves""",8
"""2023-6""","""BR""","""Caracara plancus""","""Aves""",2
"""2023-6""","""BR""","""Sterna hirundinacea""","""Aves""",2
"""2023-6""","""BR""","""Chroicocephalus maculipennis""","""Aves""",1
"""2023-6""","""BR""","""Buteogallus urubitinga""","""Aves""",1
"""2023-6""","""BR""","""Rupornis magnirostris""","""Aves""",1
"""2023-7""","""BR""","""Aves""","""Aves""",152
"""2023-7""","""BR""","""Thalasseus maximus""","""Aves""",2
"""2010-2""","""BT""","""Aves""","""Aves""",17
"""2010-3""","""BT""","""Aves""","""Aves""",4
"""2011-12""","""BT""","""Aves""","""Aves""",225
"""2012-1""","""BT""","""Aves""","""Aves""",78
"""2012-10""","""BT""","""Aves""","""Aves""",24
"""2012-12""","""BT""","""Aves""","""Aves""",18
"""2012-2""","""BT""","""Aves""","""Aves""",22
"""2012-3""","""BT""","""Aves""","""Aves""",70
"""2013-1""","""BT""","""Aves""","""Aves""",76
"""2023-3""","""BT""","""Aves""","""Aves""",80
"""2022-10""","""CA""","""Mephitis mephitis""","""Mammalia""",3
"""2022-11""","""CA""","""Mephitis mephitis""","""Mammalia""",5
"""2022-4""","""CA""","""Vulpes vulpes""","""Mammalia""",20
"""2022-4""","""CA""","""Mephitis mephitis""","""Mammalia""",5
"""2022-4""","""CA""","""Neogale vison""","""Mammalia""",1
"""2022-5""","""CA""","""Mephitis mephitis""","""Mammalia""",28
"""2022-5""","""CA""","""Vulpes vulpes""","""Mammalia""",22
"""2022-6""","""CA""","""Phoca vitulina""","""Mammalia""",11
"""2022-6""","""CA""","""Vulpes vulpes""","""Mammalia""",3
"""2023-1""","""CA""","""Mephitis mephitis""","""Mammalia""",39
"""2023-1""","""CA""","""Vulpes vulpes""","""Mammalia""",10
"""2011-11""","""CH""","""Aves""","""Aves""",4000
"""2012-1""","""CH""","""Aves""","""Aves""",7
"""2022-11""","""CH""","""Aves""","""Aves""",26
"""2022-11""","""CH""","""Cygnus olor""","""Aves""",1
"""2022-12""","""CH""","""Chroicocephalus ridibundus""","""Aves""",1
"""2022-12""","""CH""","""Cygnus olor""","""Aves""",1
"""2023-1""","""CH""","""Chroicocephalus ridibundus""","""Aves""",5
"""2023-1""","""CH""","""Larus michahellis atlantis""","""Aves""",2
"""2023-1""","""CH""","""Ardea cinerea""","""Aves""",1
"""2023-2""","""CH""","""Chroicocephalus ridibundus""","""Aves""",41
"""2023-2""","""CH""","""Cygnus olor""","""Aves""",4
"""2023-2""","""CH""","""Larus cachinnans""","""Aves""",2
"""2023-2""","""CH""","""Sterna hirundo""","""Aves""",2
"""2023-2""","""CH""","""Larus michahellis atlantis""","""Aves""",1
"""2023-3""","""CH""","""Chroicocephalus ridibundus""","""Aves""",80
"""2023-3""","""CH""","""Cygnus olor""","""Aves""",11
"""2023-3""","""CH""","""Ciconia ciconia""","""Aves""",4
"""2023-3""","""CH""","""Larus cachinnans""","""Aves""",2
"""2023-3""","""CH""","""Podiceps cristatus""","""Aves""",2
"""2023-3""","""CH""","""Tachybaptus ruficollis""","""Aves""",1
"""2023-3""","""CH""","""Milvus milvus""","""Aves""",1
"""2023-5""","""CH""","""Chroicocephalus ridibundus""","""Aves""",23
"""2023-6""","""CH""","""Sterna hirundo""","""Aves""",3
"""2023-7""","""CH""","""Chroicocephalus ridibundus""","""Aves""",45
"""2006-3""","""CI""","""Aves""","""Aves""",17
"""2006-4""","""CI""","""Aves""","""Aves""",1800
"""2006-6""","""CI""","""Aves""","""Aves""",5
"""2022-12""","""CL""","""Sula variegata""","""Aves""",58
"""2022-12""","""CL""","""Aves""","""Aves""",20
"""2022-12""","""CL""","""Laridae""","""Aves""",12
"""2022-12""","""CL""","""Leucophaeus modestus""","""Aves""",10
"""2022-12""","""CL""","""Phalacrocorax carbo""","""Aves""",8
"""2022-12""","""CL""","""Larus dominicanus""","""Aves""",5
"""2022-12""","""CL""","""Cathartes aura""","""Aves""",4
"""2022-12""","""CL""","""Phalacrocorax brasilianus""","""Aves""",4
"""2022-12""","""CL""","""Larosterna inca""","""Aves""",4
"""2022-12""","""CL""","""Stercorarius chilensis""","""Aves""",3
"""2022-12""","""CL""","""Sterna hirundinacea""","""Aves""",2
"""2022-12""","""CL""","""Coragyps atratus""","""Aves""",2
"""2022-12""","""CL""","""Phalacrocorax gaimardi""","""Aves""",2
"""2022-12""","""CL""","""Thalasseus elegans""","""Aves""",2
"""2022-12""","""CL""","""Calidris alba""","""Aves""",1
"""2023-1""","""CL""","""Sula variegata""","""Aves""",14
"""2023-1""","""CL""","""Phalacrocorax carbo""","""Aves""",13
"""2023-1""","""CL""","""Larus dominicanus""","""Aves""",13
"""2023-1""","""CL""","""Larosterna inca""","""Aves""",9
"""2023-1""","""CL""","""Leucophaeus modestus""","""Aves""",7
"""2023-1""","""CL""","""Aves""","""Aves""",7
"""2023-1""","""CL""","""Leucophaeus pipixcan""","""Aves""",4
"""2023-1""","""CL""","""Cathartes aura""","""Aves""",3
"""2023-1""","""CL""","""Sterna hirundinacea""","""Aves""",1
"""2023-1""","""CL""","""Rynchops niger""","""Aves""",1
"""2023-1""","""CL""","""Cygnus melancoryphus""","""Aves""",1
"""2023-1""","""CL""","""Tringa flavipes""","""Aves""",1
"""2023-2""","""CL""","""Aves""","""Aves""",15
"""2023-2""","""CL""","""Netta rufina""","""Aves""",10
"""2023-2""","""CL""","""Larus dominicanus""","""Aves""",6
"""2023-2""","""CL""","""Coscoroba coscoroba""","""Aves""",5
"""2023-2""","""CL""","""Sula variegata""","""Aves""",4
"""2023-2""","""CL""","""Phalacrocorax carbo""","""Aves""",3
"""2023-2""","""CL""","""Enicognathus ferrugineus""","""Aves""",2
"""2023-2""","""CL""","""Laridae""","""Aves""",1
"""2023-2""","""CL""","""Cygnus melancoryphus""","""Aves""",1
"""2023-3""","""CL""","""Aves""","""Aves""",31818
"""2023-3""","""CL""","""Coscoroba coscoroba""","""Aves""",1
"""2023-3""","""CL""","""Caracara""","""Aves""",1
"""2023-3""","""CL""","""Sterna hirundinacea""","""Aves""",1
"""2023-3""","""CL""","""Stercorarius chilensis""","""Aves""",1
"""2023-4""","""CL""","""Aves""","""Aves""",650212
"""2023-4""","""CL""","""Cygnus melancoryphus""","""Aves""",24
"""2023-4""","""CL""","""Enicognathus leptorhynchus""","""Aves""",16
"""2023-4""","""CL""","""Chloephaga picta""","""Aves""",3
"""2023-4""","""CL""","""Passer domesticus""","""Aves""",1
"""2023-4""","""CL""","""Coscoroba coscoroba""","""Aves""",1
"""2023-4""","""CL""","""Stercorarius chilensis""","""Aves""",1
"""2023-5""","""CL""","""Aves""","""Aves""",669
"""2023-6""","""CL""","""Aves""","""Aves""",669
"""2006-2""","""CM""","""Aves""","""Aves""",50
"""2008-6""","""CN""","""Aves""","""Aves""",3873
"""2009-2""","""CN""","""Aves""","""Aves""",1330
"""2009-3""","""CN""","""Aves""","""Aves""",2
"""2009-4""","""CN""","""Aves""","""Aves""",1500
"""2009-5""","""CN""","""Aves""","""Aves""",0
"""2011-12""","""CN""","""Aves""","""Aves""",290
"""2012-3""","""CN""","""Aves""","""Aves""",2
"""2012-4""","""CN""","""Aves""","""Aves""",23885
"""2012-6""","""CN""","""Aves""","""Aves""",6200
"""2012-7""","""CN""","""Aves""","""Aves""",5500
"""2013-5""","""CN""","""Aves""","""Aves""",35
"""2020-1""","""CN""","""Aves""","""Aves""",4500
"""2022-10""","""CO""","""Aves""","""Aves""",293
"""2022-11""","""CO""","""Aves""","""Aves""",769
"""2022-12""","""CO""","""Aves""","""Aves""",197
"""2023-1""","""CO""","""Aves""","""Aves""",32
"""2023-2""","""CO""","""Aves""","""Aves""",146
"""2023-2""","""CU""","""Aves""","""Aves""",0
"""2022-11""","""CY""","""Aves""","""Aves""",4
"""2022-11""","""CY""","""Anas platyrhynchos""","""Aves""",1
"""2007-6""","""CZ""","""Aves""","""Aves""",3000
"""2012-12""","""CZ""","""Aves""","""Aves""",40
"""2022-1""","""CZ""","""Anas platyrhynchos""","""Aves""",12
"""2022-12""","""CZ""","""Aves""","""Aves""",1717
"""2023-1""","""CZ""","""Aves""","""Aves""",319
"""2023-4""","""CZ""","""Aves""","""Aves""",1960
"""2023-5""","""CZ""","""Aves""","""Aves""",22
"""2006-4""","""DE""","""Aves""","""Aves""",801
"""2008-10""","""DE""","""Aves""","""Aves""",1
"""2013-2""","""DE""","""Aves""","""Aves""",22
"""2013-3""","""DE""","""Aves""","""Aves""",1
"""2013-4""","""DE""","""Aves""","""Aves""",99
"""2021-2""","""DE""","""Aves""","""Aves""",11384
"""2021-3""","""DE""","""Aves""","""Aves""",13
"""2021-4""","""DE""","""Aves""","""Aves""",3593
"""2021-5""","""DE""","""Aves""","""Aves""",1449
"""2022-10""","""DE""","""Aves""","""Aves""",7972
"""2022-11""","""DE""","""Aves""","""Aves""",5067
"""2022-12""","""DE""","""Aves""","""Aves""",11452
"""2022-4""","""DE""","""Vulpes vulpes""","""Mammalia""",2
"""2022-6""","""DE""","""Aves""","""Aves""",20
"""2022-7""","""DE""","""Aves""","""Aves""",3019
"""2022-8""","""DE""","""Aves""","""Aves""",6722
"""2022-9""","""DE""","""Aves""","""Aves""",10552
"""2022-9""","""DE""","""Nasua nasua""","""Mammalia""",3
"""2023-1""","""DE""","""Aves""","""Aves""",6009
"""2023-2""","""DE""","""Aves""","""Aves""",689
"""2023-2""","""DE""","""Vulpes vulpes""","""Mammalia""",5
"""2023-3""","""DE""","""Aves""","""Aves""",594
"""2023-3""","""DE""","""Halichoerus grypus""","""Mammalia""",1
"""2023-4""","""DE""","""Aves""","""Aves""",4992
"""2023-4""","""DE""","""Chroicocephalus ridibundus""","""Aves""",5
"""2023-4""","""DE""","""Vulpes vulpes""","""Mammalia""",2
"""2023-5""","""DE""","""Martes martes""","""Mammalia""",1
"""2023-5""","""DE""","""Vulpes vulpes""","""Mammalia""",1
"""2023-6""","""DE""","""Vulpes vulpes""","""Mammalia""",1
"""2006-4""","""DJ""","""Aves""","""Aves""",4
"""2022-11""","""DZ""","""Aves""","""Aves""",16900
"""2022-9""","""DZ""","""Aves""","""Aves""",37500
"""2022-11""","""EC""","""Aves""","""Aves""",690100
"""2022-12""","""EC""","""Aves""","""Aves""",34660
"""2022-12""","""EC""","""Chroicocephalus ridibundus""","""Aves""",1
"""2022-12""","""EC""","""Sula nebouxii""","""Aves""",1
"""2023-1""","""EC""","""Aves""","""Aves""",806057
"""2023-2""","""EC""","""Aves""","""Aves""",17547
"""2023-3""","""EC""","""Aves""","""Aves""",22
"""2023-4""","""EC""","""Aves""","""Aves""",158
"""2023-5""","""EC""","""Sula nebouxii""","""Aves""",2
"""2021-10""","""EE""","""Haliaeetus albicilla""","""Aves""",1
"""2021-11""","""EE""","""Anser albifrons""","""Aves""",1
"""2021-11""","""EE""","""Cygnus olor""","""Aves""",1
"""2021-11""","""EE""","""Larus marinus""","""Aves""",1
"""2021-11""","""EE""","""Larus argentatus""","""Aves""",1
"""2021-11""","""EE""","""Accipiter gentilis""","""Aves""",1
"""2021-12""","""EE""","""Accipiter gentilis""","""Aves""",1
"""2021-5""","""EE""","""Haliaeetus albicilla""","""Aves""",2
"""2021-6""","""EE""","""Phalacrocorax carbo""","""Aves""",3
"""2021-6""","""EE""","""Larus argentatus""","""Aves""",1
"""2021-8""","""EE""","""Phalacrocorax carbo""","""Aves""",2
"""2023-2""","""EE""","""Aves""","""Aves""",24
"""2023-5""","""EE""","""Chroicocephalus ridibundus""","""Aves""",2
"""2023-6""","""EE""","""Phalacrocorax carbo""","""Aves""",3
"""2023-6""","""EE""","""Sterna hirundo""","""Aves""",1
"""2023-7""","""EE""","""Larus canus""","""Aves""",1
"""2006-12""","""EG""","""Aves""","""Aves""",283050
"""2006-2""","""EG""","""Aves""","""Aves""",2314568
"""2006-3""","""EG""","""Aves""","""Aves""",13744944
"""2006-4""","""EG""","""Aves""","""Aves""",6659
"""2006-5""","""EG""","""Aves""","""Aves""",94350
"""2007-1""","""EG""","""Aves""","""Aves""",377400
"""2007-12""","""EG""","""Aves""","""Aves""",49613
"""2007-2""","""EG""","""Aves""","""Aves""",471750
"""2007-3""","""EG""","""Aves""","""Aves""",188700
"""2007-4""","""EG""","""Aves""","""Aves""",283050
"""2007-7""","""EG""","""Aves""","""Aves""",94350
"""2008-1""","""EG""","""Aves""","""Aves""",16888
"""2008-2""","""EG""","""Aves""","""Aves""",2013
"""2008-5""","""EG""","""Aves""","""Aves""",100
"""2021-6""","""EG""","""Aves""","""Aves""",49
"""2021-7""","""EG""","""Aves""","""Aves""",112
"""2022-12""","""ES""","""Aves""","""Aves""",800
"""2023-2""","""ES""","""Aves""","""Aves""",12000
"""2008-1""","""FI""","""Bos taurus""","""Mammalia""",1
"""2021-10""","""FI""","""Phasianus colchicus""","""Aves""",5
"""2021-10""","""FI""","""Accipiter gentilis""","""Aves""",3
"""2021-10""","""FI""","""Strix uralensis""","""Aves""",1
"""2021-10""","""FI""","""Haliaeetus albicilla""","""Aves""",1
"""2021-5""","""FI""","""Branta leucopsis""","""Aves""",12
"""2021-5""","""FI""","""Haliaeetus albicilla""","""Aves""",3
"""2021-6""","""FI""","""Haliaeetus albicilla""","""Aves""",1
"""2021-6""","""FI""","""Branta leucopsis""","""Aves""",1
"""2021-7""","""FI""","""Larus argentatus""","""Aves""",2
"""2021-8""","""FI""","""Cygnus olor""","""Aves""",3
"""2021-8""","""FI""","""Bubo bubo""","""Aves""",1
"""2021-8""","""FI""","""Larus argentatus""","""Aves""",1
"""2021-8""","""FI""","""Larus canus""","""Aves""",1
"""2021-8""","""FI""","""Mergus merganser""","""Aves""",1
"""2021-8""","""FI""","""Accipiter gentilis""","""Aves""",1
"""2021-9""","""FI""","""Phasianus colchicus""","""Aves""",37
"""2021-9""","""FI""","""Branta leucopsis""","""Aves""",3
"""2023-6""","""FI""","""Chroicocephalus ridibundus""","""Aves""",11
"""2023-6""","""FI""","""Sterna hirundo""","""Aves""",3
"""2022-5""","""FO""","""Stercorarius skua""","""Aves""",8
"""2022-6""","""FO""","""Morus bassanus""","""Aves""",2
"""2022-6""","""FO""","""Columba livia""","""Aves""",1
"""2022-6""","""FO""","""Stercorarius skua""","""Aves""",1
"""2022-9""","""FO""","""Fulmarus glacialis""","""Aves""",5
"""2022-9""","""FO""","""Larus argentatus""","""Aves""",1
"""2022-9""","""FO""","""Columba livia""","""Aves""",1
"""2022-9""","""FO""","""Corvus corax""","""Aves""",1
"""2021-3""","""FR""","""Anser sp.""","""Aves""",1
"""2023-2""","""FR""","""Vulpes vulpes""","""Mammalia""",1
"""2022-4""","""GA""","""Aves""","""Aves""",15500
"""2007-11""","""GB""","""Aves""","""Aves""",353
"""2020-12""","""GB""","""Aves""","""Aves""",17
"""2020-12""","""GB""","""Cygnus olor""","""Aves""",3
"""2020-12""","""GB""","""Branta canadensis""","""Aves""",1
"""2021-1""","""GB""","""Cygnus olor""","""Aves""",4
"""2021-2""","""GB""","""Aves""","""Aves""",14030
"""2021-3""","""GB""","""Milvus milvus""","""Aves""",1
"""2021-4""","""GB""","""Corvus frugilegus""","""Aves""",3
"""2021-7""","""GB""","""Stercorarius skua""","""Aves""",2
"""2022-10""","""GB""","""Aves""","""Aves""",211600
"""2022-10""","""GB""","""Chroicocephalus ridibundus""","""Aves""",276
"""2022-10""","""GB""","""Branta canadensis""","""Aves""",135
"""2022-10""","""GB""","""Sterna hirundo""","""Aves""",96
"""2022-10""","""GB""","""Anser anser""","""Aves""",63
"""2022-10""","""GB""","""Cygnus olor""","""Aves""",53
"""2022-10""","""GB""","""Anser brachyrhynchus""","""Aves""",46
"""2022-10""","""GB""","""Egretta garzetta""","""Aves""",28
"""2022-10""","""GB""","""Phasianus colchicus""","""Aves""",22
"""2022-10""","""GB""","""Larus argentatus""","""Aves""",12
"""2022-10""","""GB""","""Morus bassanus""","""Aves""",6
"""2022-10""","""GB""","""Anser sp.""","""Aves""",5
"""2022-10""","""GB""","""Corvus corone""","""Aves""",4
"""2022-10""","""GB""","""Numenius arquata""","""Aves""",4
"""2022-10""","""GB""","""Branta leucopsis""","""Aves""",4
"""2022-10""","""GB""","""Columba livia""","""Aves""",4
"""2022-10""","""GB""","""Accipiter nisus""","""Aves""",3
"""2022-10""","""GB""","""Falco tinnunculus""","""Aves""",3
"""2022-10""","""GB""","""Alectoris rufa""","""Aves""",2
"""2022-10""","""GB""","""Strix aluco""","""Aves""",1
"""2022-10""","""GB""","""Milvus milvus""","""Aves""",1
"""2022-10""","""GB""","""Larus fuscus graellsii""","""Aves""",1
"""2022-10""","""GB""","""Pandion haliaetus""","""Aves""",1
"""2022-11""","""GB""","""Aves""","""Aves""",47693
"""2022-11""","""GB""","""Cygnus olor""","""Aves""",66
"""2022-11""","""GB""","""Anser anser""","""Aves""",51
"""2022-11""","""GB""","""Branta leucopsis""","""Aves""",35
"""2022-11""","""GB""","""Branta canadensis""","""Aves""",34
"""2022-11""","""GB""","""Chroicocephalus ridibundus""","""Aves""",25
"""2022-11""","""GB""","""Larus argentatus""","""Aves""",12
"""2022-11""","""GB""","""Anser brachyrhynchus""","""Aves""",11
"""2022-11""","""GB""","""Sterna hirundo""","""Aves""",6
"""2022-11""","""GB""","""Accipiter nisus""","""Aves""",6
"""2022-11""","""GB""","""Phasianus colchicus""","""Aves""",5
"""2022-11""","""GB""","""Charadrius hiaticula""","""Aves""",3
"""2022-11""","""GB""","""Dendrocopos major""","""Aves""",2
"""2022-11""","""GB""","""Falco tinnunculus""","""Aves""",2
"""2022-11""","""GB""","""Uria aalge""","""Aves""",1
"""2022-11""","""GB""","""Milvus milvus""","""Aves""",1
"""2022-11""","""GB""","""Anas platyrhynchos""","""Aves""",1
"""2022-11""","""GB""","""Columba livia""","""Aves""",1
"""2022-11""","""GB""","""Strix aluco""","""Aves""",1
"""2022-11""","""GB""","""Tyto alba""","""Aves""",1
"""2022-12""","""GB""","""Aves""","""Aves""",7871
"""2022-12""","""GB""","""Cygnus olor""","""Aves""",40
"""2022-12""","""GB""","""Branta canadensis""","""Aves""",35
"""2022-12""","""GB""","""Chroicocephalus ridibundus""","""Aves""",32
"""2022-12""","""GB""","""Anser anser""","""Aves""",27
"""2022-12""","""GB""","""Anser brachyrhynchus""","""Aves""",22
"""2022-12""","""GB""","""Sterna hirundo""","""Aves""",12
"""2022-12""","""GB""","""Larus argentatus""","""Aves""",9
"""2022-12""","""GB""","""Columba livia""","""Aves""",6
"""2022-12""","""GB""","""Accipiter nisus""","""Aves""",4
"""2022-12""","""GB""","""Falco sparverius""","""Aves""",2
"""2022-12""","""GB""","""Larus fuscus graellsii""","""Aves""",2
"""2022-12""","""GB""","""Accipiter gentilis""","""Aves""",2
"""2022-12""","""GB""","""Branta leucopsis""","""Aves""",1
"""2022-12""","""GB""","""Tyto alba""","""Aves""",1
"""2022-6""","""GB""","""Uria aalge""","""Aves""",6
"""2022-6""","""GB""","""Anas platyrhynchos""","""Aves""",1
"""2022-7""","""GB""","""Uria aalge""","""Aves""",25
"""2022-9""","""GB""","""Aves""","""Aves""",3969
"""2022-9""","""GB""","""Chroicocephalus ridibundus""","""Aves""",196
"""2022-9""","""GB""","""Cygnus olor""","""Aves""",39
"""2022-9""","""GB""","""Anser anser""","""Aves""",38
"""2022-9""","""GB""","""Branta canadensis""","""Aves""",23
"""2022-9""","""GB""","""Larus argentatus""","""Aves""",21
"""2022-9""","""GB""","""Larus fuscus graellsii""","""Aves""",21
"""2022-9""","""GB""","""Gallinula chloropus""","""Aves""",12
"""2022-9""","""GB""","""Larus canus""","""Aves""",6
"""2022-9""","""GB""","""Morus bassanus""","""Aves""",3
"""2022-9""","""GB""","""Fulmarus glacialis""","""Aves""",2
"""2022-9""","""GB""","""Circus cyaneus""","""Aves""",1
"""2023-1""","""GB""","""Aves""","""Aves""",14170
"""2023-1""","""GB""","""Chroicocephalus ridibundus""","""Aves""",25
"""2023-1""","""GB""","""Branta canadensis""","""Aves""",11
"""2023-1""","""GB""","""Accipiter nisus""","""Aves""",7
"""2023-1""","""GB""","""Cygnus olor""","""Aves""",7
"""2023-1""","""GB""","""Sterna hirundo""","""Aves""",6
"""2023-1""","""GB""","""Larus argentatus""","""Aves""",5
"""2023-1""","""GB""","""Strix aluco""","""Aves""",3
"""2023-1""","""GB""","""Anser anser""","""Aves""",1
"""2023-1""","""GB""","""Anser brachyrhynchus""","""Aves""",1
"""2023-2""","""GB""","""Aves""","""Aves""",1801
"""2023-2""","""GB""","""Chroicocephalus ridibundus""","""Aves""",9
"""2023-2""","""GB""","""Anser brachyrhynchus""","""Aves""",5
"""2023-2""","""GB""","""Branta leucopsis""","""Aves""",3
"""2023-2""","""GB""","""Strix aluco""","""Aves""",1
"""2023-3""","""GB""","""Aves""","""Aves""",8065
"""2023-3""","""GB""","""Chroicocephalus ridibundus""","""Aves""",17
"""2023-3""","""GB""","""Anser brachyrhynchus""","""Aves""",4
"""2023-3""","""GB""","""Larus argentatus""","""Aves""",3
"""2023-3""","""GB""","""Cygnus olor""","""Aves""",1
"""2023-3""","""GB""","""Accipiter nisus""","""Aves""",1
"""2023-4""","""GB""","""Aves""","""Aves""",6252
"""2023-4""","""GB""","""Chroicocephalus ridibundus""","""Aves""",37
"""2023-4""","""GB""","""Larus argentatus""","""Aves""",4
"""2023-4""","""GB""","""Branta canadensis""","""Aves""",1
"""2023-4""","""GB""","""Milvus milvus""","""Aves""",1
"""2023-5""","""GB""","""Aves""","""Aves""",17798
"""2023-5""","""GB""","""Chroicocephalus ridibundus""","""Aves""",60
"""2023-5""","""GB""","""Sterna hirundo""","""Aves""",14
"""2023-5""","""GB""","""Larus argentatus""","""Aves""",10
"""2023-5""","""GB""","""Thalasseus sandvicensis""","""Aves""",2
"""2023-6""","""GB""","""Aves""","""Aves""",3800
"""2023-6""","""GB""","""Chroicocephalus ridibundus""","""Aves""",26
"""2023-6""","""GB""","""Sterna hirundo""","""Aves""",9
"""2023-6""","""GB""","""Larus argentatus""","""Aves""",5
"""2023-6""","""GB""","""Thalasseus sandvicensis""","""Aves""",2
"""2023-6""","""GB""","""Haliaeetus albicilla""","""Aves""",2
"""2023-6""","""GB""","""Larus canus""","""Aves""",1
"""2023-6""","""GB""","""Passer domesticus""","""Aves""",0
"""2023-7""","""GB""","""Aves""","""Aves""",1787
"""2023-7""","""GB""","""Rissa tridactyla""","""Aves""",8
"""2023-7""","""GB""","""Sterna hirundo""","""Aves""",2
"""2023-7""","""GB""","""Uria aalge""","""Aves""",1
"""2022-7""","""GG""","""Morus bassanus""","""Aves""",5
"""2022-7""","""GG""","""Larus argentatus""","""Aves""",4
"""2022-8""","""GG""","""Aves""","""Aves""",1
"""2007-4""","""GH""","""Aves""","""Aves""",11758
"""2007-5""","""GH""","""Aves""","""Aves""",776
"""2007-6""","""GH""","""Aves""","""Aves""",350
"""2021-6""","""GH""","""Aves""","""Aves""",9597
"""2023-3""","""GM""","""Thalasseus maximus""","""Aves""",336
"""2022-4""","""GN""","""Aves""","""Aves""",72747
"""2022-5""","""GN""","""Aves""","""Aves""",44338
"""2006-1""","""HK""","""Aves""","""Aves""",9
"""2006-2""","""HK""","""Aves""","""Aves""",19
"""2007-1""","""HK""","""Aves""","""Aves""",4
"""2008-12""","""HK""","""Aves""","""Aves""",285
"""2009-1""","""HK""","""Aves""","""Aves""",3
"""2009-2""","""HK""","""Aves""","""Aves""",6
"""2011-1""","""HK""","""Aves""","""Aves""",3
"""2011-12""","""HK""","""Aves""","""Aves""",1
"""2011-2""","""HK""","""Aves""","""Aves""",1
"""2011-3""","""HK""","""Aves""","""Aves""",1
"""2012-1""","""HK""","""Aves""","""Aves""",1
"""2012-6""","""HK""","""Aves""","""Aves""",1
"""2013-1""","""HK""","""Chroicocephalus ridibundus""","""Aves""",1
"""2022-12""","""HK""","""Platalea minor""","""Aves""",1
"""2022-5""","""HR""","""Aves""","""Aves""",14
"""2006-6""","""HU""","""Aves""","""Aves""",1600
"""2007-1""","""HU""","""Aves""","""Aves""",2691
"""2022-11""","""HU""","""Aves""","""Aves""",13133
"""2022-12""","""HU""","""Aves""","""Aves""",76941
"""2022-4""","""HU""","""Aves""","""Aves""",36062
"""2022-5""","""HU""","""Aves""","""Aves""",54382
"""2022-6""","""HU""","""Aves""","""Aves""",20106
"""2023-1""","""HU""","""Aves""","""Aves""",149
"""2023-2""","""HU""","""Aves""","""Aves""",652
"""2023-3""","""HU""","""Aves""","""Aves""",55727
"""2023-4""","""HU""","""Aves""","""Aves""",14048
"""2006-7""","""ID""","""Aves""","""Aves""",201
"""2006-8""","""ID""","""Aves""","""Aves""",672
"""2011-3""","""ID""","""Aves""","""Aves""",424
"""2011-4""","""ID""","""Aves""","""Aves""",286
"""2022-10""","""IE""","""Aves""","""Aves""",11
"""2022-12""","""IE""","""Cygnus olor""","""Aves""",5
"""2023-1""","""IE""","""Chroicocephalus ridibundus""","""Aves""",2
"""2023-1""","""IE""","""Larus argentatus""","""Aves""",1
"""2023-2""","""IE""","""Chroicocephalus ridibundus""","""Aves""",1
"""2023-3""","""IE""","""Chroicocephalus ridibundus""","""Aves""",3
"""2023-3""","""IE""","""Sterna hirundo""","""Aves""",1
"""2023-3""","""IE""","""Cygnus olor""","""Aves""",1
"""2023-4""","""IE""","""Chroicocephalus ridibundus""","""Aves""",4
"""2023-6""","""IE""","""Sterna hirundo""","""Aves""",4
"""2023-6""","""IE""","""Sternula albifrons""","""Aves""",3
"""2023-6""","""IE""","""Milvus milvus""","""Aves""",2
"""2023-6""","""IE""","""Sterna dougallii""","""Aves""",1
"""2006-3""","""IL""","""Aves""","""Aves""",15100
"""2010-1""","""IL""","""Aves""","""Aves""",1000
"""2010-2""","""IL""","""Aves""","""Aves""",3000
"""2012-3""","""IL""","""Aves""","""Aves""",19500
"""2022-11""","""IL""","""Aves""","""Aves""",3400
"""2022-11""","""IL""","""Calidris alpina""","""Aves""",1
"""2022-12""","""IL""","""Aves""","""Aves""",550
"""2022-12""","""IL""","""Anas platyrhynchos""","""Aves""",1
"""2023-1""","""IL""","""Spatula clypeata""","""Aves""",1
"""2023-1""","""IL""","""Aves""","""Aves""",0
"""2022-10""","""IM""","""Corvus frugilegus""","""Aves""",1
"""2023-2""","""IM""","""Anser albifrons""","""Aves""",1
"""2008-1""","""IN""","""Aves""","""Aves""",194463
"""2008-11""","""IN""","""Aves""","""Aves""",1129
"""2008-12""","""IN""","""Aves""","""Aves""",1585
"""2008-3""","""IN""","""Aves""","""Aves""",357
"""2008-4""","""IN""","""Aves""","""Aves""",148
"""2008-5""","""IN""","""Aves""","""Aves""",421
"""2009-1""","""IN""","""Aves""","""Aves""",436
"""2009-2""","""IN""","""Aves""","""Aves""",97
"""2009-3""","""IN""","""Aves""","""Aves""",363
"""2010-1""","""IN""","""Aves""","""Aves""",1866
"""2010-2""","""IN""","""Aves""","""Aves""",3
"""2011-2""","""IN""","""Aves""","""Aves""",2572
"""2011-3""","""IN""","""Aves""","""Aves""",1376
"""2011-4""","""IN""","""Aves""","""Aves""",138
"""2012-1""","""IN""","""Aves""","""Aves""",2754
"""2012-10""","""IN""","""Aves""","""Aves""",3481
"""2012-2""","""IN""","""Aves""","""Aves""",5015
"""2012-3""","""IN""","""Aves""","""Aves""",1
"""2013-2""","""IN""","""Aves""","""Aves""",338
"""2013-7""","""IN""","""Aves""","""Aves""",4064
"""2019-12""","""IN""","""Aves""","""Aves""",5634
"""2020-1""","""IN""","""Aves""","""Aves""",2372
"""2020-2""","""IN""","""Tyto longimembris""","""Aves""",4
"""2020-2""","""IN""","""Corvus splendens""","""Aves""",4
"""2020-3""","""IN""","""Aves""","""Aves""",2665
"""2020-3""","""IN""","""Corvus splendens""","""Aves""",197
"""2020-3""","""IN""","""Harpactes erythrocephalus""","""Aves""",7
"""2021-1""","""IN""","""Aves""","""Aves""",6576
"""2021-2""","""IN""","""Aves""","""Aves""",1499
"""2021-3""","""IN""","""Aves""","""Aves""",283
"""2021-4""","""IN""","""Aves""","""Aves""",2
"""2022-10""","""IN""","""Aves""","""Aves""",18500
"""2022-11""","""IN""","""Aves""","""Aves""",6757
"""2022-12""","""IN""","""Aves""","""Aves""",12895
"""2022-2""","""IN""","""Aves""","""Aves""",1376
"""2023-2""","""IN""","""Aves""","""Aves""",2615
"""2007-12""","""IR""","""Aves""","""Aves""",14
"""2011-10""","""IR""","""Aves""","""Aves""",1250
"""2011-9""","""IR""","""Aves""","""Aves""",535
"""2021-10""","""IS""","""Haliaeetus albicilla""","""Aves""",1
"""2023-3""","""IS""","""Anas platyrhynchos""","""Aves""",1
"""2006-2""","""IT""","""Aves""","""Aves""",20
"""2020-11""","""IT""","""Mareca penelope""","""Aves""",1
"""2020-12""","""IT""","""Mareca penelope""","""Aves""",4
"""2020-12""","""IT""","""Anas crecca""","""Aves""",2
"""2020-12""","""IT""","""Anser anser""","""Aves""",1
"""2022-10""","""IT""","""Aves""","""Aves""",127490
"""2022-10""","""IT""","""Anas crecca""","""Aves""",49
"""2022-10""","""IT""","""Anas platyrhynchos""","""Aves""",44
"""2022-10""","""IT""","""Mareca penelope""","""Aves""",3
"""2022-10""","""IT""","""Anser anser""","""Aves""",2
"""2022-10""","""IT""","""Ciconia ciconia""","""Aves""",1
"""2022-11""","""IT""","""Aves""","""Aves""",699078
"""2022-11""","""IT""","""Anas crecca""","""Aves""",20
"""2022-11""","""IT""","""Chroicocephalus ridibundus""","""Aves""",2
"""2022-11""","""IT""","""Anas platyrhynchos""","""Aves""",2
"""2022-11""","""IT""","""Cygnus olor""","""Aves""",2
"""2022-11""","""IT""","""Ardea cinerea""","""Aves""",1
"""2022-11""","""IT""","""Streptopelia decaocto""","""Aves""",1
"""2022-11""","""IT""","""Anser anser""","""Aves""",1
"""2022-11""","""IT""","""Phoenicopterus roseus""","""Aves""",1
"""2022-11""","""IT""","""Mareca penelope""","""Aves""",1
"""2022-11""","""IT""","""Anas acuta""","""Aves""",1
"""2022-11""","""IT""","""Dendrocopos major""","""Aves""",1
"""2022-12""","""IT""","""Aves""","""Aves""",21595
"""2022-12""","""IT""","""Mareca penelope""","""Aves""",5
"""2022-12""","""IT""","""Anas crecca""","""Aves""",4
"""2022-12""","""IT""","""Cygnus olor""","""Aves""",3
"""2022-12""","""IT""","""Falco tinnunculus""","""Aves""",2
"""2022-12""","""IT""","""Chroicocephalus ridibundus""","""Aves""",1
"""2022-12""","""IT""","""Anas platyrhynchos""","""Aves""",1
"""2022-12""","""IT""","""Aix galericulata""","""Aves""",1
"""2022-12""","""IT""","""Anser albifrons""","""Aves""",1
"""2022-12""","""IT""","""Phoenicopterus roseus""","""Aves""",1
"""2022-9""","""IT""","""Aves""","""Aves""",129
"""2022-9""","""IT""","""Anas crecca""","""Aves""",1
"""2023-1""","""IT""","""Chroicocephalus ridibundus""","""Aves""",9
"""2023-1""","""IT""","""Cygnus olor""","""Aves""",5
"""2023-1""","""IT""","""Larus michahellis atlantis""","""Aves""",1
"""2023-2""","""IT""","""Chroicocephalus ridibundus""","""Aves""",236
"""2023-2""","""IT""","""Ardea cinerea""","""Aves""",2
"""2023-2""","""IT""","""Streptopelia decaocto""","""Aves""",2
"""2023-2""","""IT""","""Cygnus olor""","""Aves""",1
"""2023-2""","""IT""","""Strix aluco""","""Aves""",1
"""2023-2""","""IT""","""Larus michahellis atlantis""","""Aves""",1
"""2023-3""","""IT""","""Aves""","""Aves""",6570
"""2023-3""","""IT""","""Chroicocephalus ridibundus""","""Aves""",113
"""2023-3""","""IT""","""Haematopus ostralegus""","""Aves""",2
"""2023-3""","""IT""","""Falco tinnunculus""","""Aves""",2
"""2023-3""","""IT""","""Larus michahellis atlantis""","""Aves""",2
"""2023-3""","""IT""","""Corvus corone""","""Aves""",1
"""2023-3""","""IT""","""Ichthyaetus ichthyaetus""","""Aves""",1
"""2023-3""","""IT""","""Egretta garzetta""","""Aves""",1
"""2023-4""","""IT""","""Aves""","""Aves""",398
"""2023-4""","""IT""","""Canis lupus familiaris""","""Mammalia""",5
"""2023-4""","""IT""","""Falco tinnunculus""","""Aves""",1
"""2023-6""","""IT""","""Thalasseus sandvicensis""","""Aves""",46
"""2023-6""","""IT""","""Chroicocephalus genei""","""Aves""",18
"""2023-6""","""IT""","""Chroicocephalus ridibundus""","""Aves""",3
"""2023-6""","""IT""","""Ichthyaetus melanocephalus""","""Aves""",1
"""2023-6""","""IT""","""Larus michahellis atlantis""","""Aves""",1
"""2023-7""","""IT""","""Aves""","""Aves""",400
"""2023-7""","""IT""","""Chroicocephalus ridibundus""","""Aves""",1
"""2022-2""","""JE""","""Aves""","""Aves""",1
"""2022-8""","""JE""","""Aves""","""Aves""",37
"""2007-1""","""JP""","""Aves""","""Aves""",7332
"""2022-1""","""JP""","""Grus monacha""","""Aves""",1
"""2022-10""","""JP""","""Aves""","""Aves""",210
"""2022-10""","""JP""","""Anser albifrons""","""Aves""",2
"""2022-11""","""JP""","""Aves""","""Aves""",2314
"""2022-11""","""JP""","""Grus monacha""","""Aves""",860
"""2022-11""","""JP""","""Antigone vipio""","""Aves""",35
"""2022-11""","""JP""","""Corvus macrorhynchos""","""Aves""",7
"""2022-11""","""JP""","""Grus japonensis""","""Aves""",2
"""2022-11""","""JP""","""Anas platyrhynchos""","""Aves""",2
"""2022-11""","""JP""","""Larus schistisagus""","""Aves""",2
"""2022-11""","""JP""","""Cygnus columbianus""","""Aves""",2
"""2022-11""","""JP""","""Mareca penelope""","""Aves""",1
"""2022-11""","""JP""","""Ciconia boyciana""","""Aves""",1
"""2022-11""","""JP""","""Milvus migrans""","""Aves""",1
"""2022-11""","""JP""","""Haliaeetus albicilla""","""Aves""",1
"""2022-11""","""JP""","""Cygnus olor""","""Aves""",1
"""2022-11""","""JP""","""Anas acuta""","""Aves""",1
"""2022-12""","""JP""","""Aves""","""Aves""",5917
"""2022-12""","""JP""","""Grus monacha""","""Aves""",258
"""2022-12""","""JP""","""Antigone vipio""","""Aves""",15
"""2022-12""","""JP""","""Cygnus olor""","""Aves""",7
"""2022-12""","""JP""","""Corvus macrorhynchos""","""Aves""",6
"""2022-12""","""JP""","""Haliaeetus albicilla""","""Aves""",3
"""2022-12""","""JP""","""Phoenicopterus chilensis""","""Aves""",1
"""2022-12""","""JP""","""Ardea cinerea""","""Aves""",1
"""2022-12""","""JP""","""Haliaeetus pelagicus""","""Aves""",1
"""2022-12""","""JP""","""Anas platyrhynchos""","""Aves""",1
"""2022-12""","""JP""","""Accipiter gentilis""","""Aves""",1
"""2022-12""","""JP""","""Aythya marila""","""Aves""",1
"""2022-12""","""JP""","""Platalea minor""","""Aves""",1
"""2022-3""","""JP""","""Vulpes vulpes""","""Mammalia""",1
"""2022-4""","""JP""","""Nyctereutes procyonoides""","""Mammalia""",1
"""2023-1""","""JP""","""Aves""","""Aves""",610
"""2023-1""","""JP""","""Corvus macrorhynchos""","""Aves""",16
"""2023-1""","""JP""","""Grus monacha""","""Aves""",6
"""2023-1""","""JP""","""Cygnus columbianus""","""Aves""",1
"""2023-1""","""JP""","""Accipiter gentilis""","""Aves""",1
"""2023-1""","""JP""","""Strix uralensis""","""Aves""",1
"""2023-1""","""JP""","""Haliaeetus albicilla""","""Aves""",1
"""2023-1""","""JP""","""Anas platyrhynchos""","""Aves""",1
"""2023-1""","""JP""","""Corvus corone""","""Aves""",1
"""2023-1""","""JP""","""Mareca penelope""","""Aves""",1
"""2023-2""","""JP""","""Aves""","""Aves""",1839
"""2023-2""","""JP""","""Corvus macrorhynchos""","""Aves""",8
"""2023-2""","""JP""","""Cygnus columbianus""","""Aves""",2
"""2023-2""","""JP""","""Accipiter gentilis""","""Aves""",2
"""2023-2""","""JP""","""Vulpes vulpes""","""Mammalia""",1
"""2023-2""","""JP""","""Anser albifrons""","""Aves""",1
"""2023-2""","""JP""","""Garrulus glandarius""","""Aves""",1
"""2023-3""","""JP""","""Aves""","""Aves""",714
"""2023-3""","""JP""","""Corvus macrorhynchos""","""Aves""",22
"""2023-3""","""JP""","""Corvus corone""","""Aves""",2
"""2023-3""","""JP""","""Haliaeetus albicilla""","""Aves""",2
"""2023-3""","""JP""","""Accipiter gentilis""","""Aves""",1
"""2023-4""","""JP""","""Aves""","""Aves""",68
"""2023-4""","""JP""","""Corvus macrorhynchos""","""Aves""",6
"""2023-4""","""JP""","""Vulpes vulpes""","""Mammalia""",1
"""2006-3""","""KH""","""Aves""","""Aves""",478
"""2006-8""","""KH""","""Aves""","""Aves""",1686
"""2007-4""","""KH""","""Aves""","""Aves""",302
"""2009-12""","""KH""","""Aves""","""Aves""",143
"""2010-1""","""KH""","""Aves""","""Aves""",31070
"""2010-4""","""KH""","""Aves""","""Aves""",954
"""2010-5""","""KH""","""Aves""","""Aves""",12
"""2011-1""","""KH""","""Aves""","""Aves""",48
"""2012-5""","""KH""","""Aves""","""Aves""",564
"""2013-1""","""KH""","""Aves""","""Aves""",2371
"""2013-2""","""KH""","""Aves""","""Aves""",864
"""2013-8""","""KH""","""Aves""","""Aves""",1346
"""2013-4""","""KP""","""Aves""","""Aves""",166000
"""2006-11""","""KR""","""Aves""","""Aves""",6600
"""2006-12""","""KR""","""Aves""","""Aves""",3000
"""2007-1""","""KR""","""Aves""","""Aves""",157
"""2007-2""","""KR""","""Aves""","""Aves""",1188
"""2007-3""","""KR""","""Aves""","""Aves""",2125
"""2008-4""","""KR""","""Aves""","""Aves""",15686
"""2008-5""","""KR""","""Aves""","""Aves""",7551
"""2007-2""","""KW""","""Aves""","""Aves""",62
"""2007-3""","""KW""","""Aves""","""Aves""",67
"""2007-4""","""KW""","""Aves""","""Aves""",2
"""2007-2""","""LA""","""Aves""","""Aves""",1864
"""2008-10""","""LA""","""Aves""","""Aves""",11
"""2008-2""","""LA""","""Aves""","""Aves""",1926
"""2008-8""","""LA""","""Aves""","""Aves""",247
"""2008-9""","""LA""","""Aves""","""Aves""",23
"""2009-1""","""LA""","""Aves""","""Aves""",730
"""2010-1""","""LA""","""Aves""","""Aves""",2173
"""2020-8""","""LA""","""Aves""","""Aves""",47
"""2020-9""","""LA""","""Aves""","""Aves""",462
"""2021-5""","""LS""","""Aves""","""Aves""",5039
"""2022-2""","""LT""","""Cygnus olor""","""Aves""",2
"""2022-4""","""LT""","""Ciconia ciconia""","""Aves""",3
"""2022-4""","""LT""","""Anas platyrhynchos""","""Aves""",1
"""2022-6""","""LT""","""Chroicocephalus ridibundus""","""Aves""",100
"""2023-4""","""LT""","""Chroicocephalus brunnicephalus""","""Aves""",15
"""2023-4""","""LT""","""Chroicocephalus ridibundus""","""Aves""",8
"""2023-5""","""LT""","""Chroicocephalus brunnicephalus""","""Aves""",64
"""2023-5""","""LT""","""Chroicocephalus ridibundus""","""Aves""",37
"""2023-6""","""LT""","""Chroicocephalus ridibundus""","""Aves""",22
"""2023-6""","""LT""","""Sterna hirundo""","""Aves""",3
"""2023-7""","""LT""","""Chroicocephalus ridibundus""","""Aves""",2
"""2023-5""","""LU""","""Chroicocephalus ridibundus""","""Aves""",1
"""2021-6""","""LV""","""Larus argentatus""","""Aves""",1
"""2022-5""","""MD""","""Aves""","""Aves""",454
"""2022-4""","""ME""","""Pelecanus crispus""","""Aves""",10
"""2022-2""","""MK""","""Phalacrocorax carbo""","""Aves""",1
"""2021-3""","""ML""","""Aves""","""Aves""",39860
"""2021-4""","""ML""","""Aves""","""Aves""",94040
"""2022-3""","""ML""","""Aves""","""Aves""",340000
"""2006-3""","""MM""","""Aves""","""Aves""",12169
"""2006-4""","""MM""","""Aves""","""Aves""",655
"""2007-10""","""MM""","""Aves""","""Aves""",400
"""2007-11""","""MM""","""Aves""","""Aves""",2058
"""2007-12""","""MM""","""Aves""","""Aves""",13
"""2007-2""","""MM""","""Aves""","""Aves""",79
"""2007-3""","""MM""","""Aves""","""Aves""",3200
"""2007-5""","""MM""","""Aves""","""Aves""",15
"""2007-6""","""MM""","""Aves""","""Aves""",28
"""2007-7""","""MM""","""Aves""","""Aves""",688
"""2010-2""","""MM""","""Aves""","""Aves""",102
"""2010-3""","""MM""","""Aves""","""Aves""",305
"""2011-1""","""MM""","""Aves""","""Aves""",54087
"""2011-2""","""MM""","""Aves""","""Aves""",1800
"""2011-3""","""MM""","""Aves""","""Aves""",350
"""2012-2""","""MM""","""Aves""","""Aves""",61
"""2012-3""","""MM""","""Aves""","""Aves""",83
"""2022-10""","""MX""","""Aves""","""Aves""",9140
"""2022-10""","""MX""","""Spatula discors""","""Aves""",1
"""2022-10""","""MX""","""Falco rusticolus""","""Aves""",1
"""2022-11""","""MX""","""Aves""","""Aves""",1127972
"""2022-11""","""MX""","""Spatula discors""","""Aves""",120
"""2022-11""","""MX""","""Anas platyrhynchos""","""Aves""",15
"""2022-11""","""MX""","""Quiscalus mexicanus""","""Aves""",5
"""2022-11""","""MX""","""Anser caerulescens caerulescens""","""Aves""",3
"""2022-12""","""MX""","""Aves""","""Aves""",535520
"""2022-12""","""MX""","""Anser caerulescens caerulescens""","""Aves""",10
"""2022-12""","""MX""","""Quiscalus mexicanus""","""Aves""",1
"""2023-1""","""MX""","""Aves""","""Aves""",1239
"""2023-2""","""MX""","""Aves""","""Aves""",109
"""2006-2""","""MY""","""Aves""","""Aves""",50
"""2006-3""","""MY""","""Aves""","""Aves""",16
"""2022-10""","""NA""","""Bos taurus""","""Mammalia""",1
"""2022-8""","""NA""","""Bos taurus""","""Mammalia""",4
"""2022-9""","""NA""","""Bos taurus""","""Mammalia""",5
"""2023-6""","""NA""","""Rissa tridactyla""","""Aves""",2
"""2006-4""","""NE""","""Aves""","""Aves""",700
"""2021-2""","""NE""","""Aves""","""Aves""",588
"""2021-3""","""NE""","""Aves""","""Aves""",30000
"""2006-1""","""NG""","""Aves""","""Aves""",137380
"""2006-2""","""NG""","""Aves""","""Aves""",83969
"""2006-3""","""NG""","""Aves""","""Aves""",3668
"""2008-6""","""NG""","""Aves""","""Aves""",1
"""2008-7""","""NG""","""Aves""","""Aves""",1546
"""2021-10""","""NG""","""Aves""","""Aves""",6015
"""2021-2""","""NG""","""Aves""","""Aves""",5480
"""2021-3""","""NG""","""Aves""","""Aves""",21950
"""2021-4""","""NG""","""Aves""","""Aves""",5300
"""2021-5""","""NG""","""Aves""","""Aves""",29400
"""2021-6""","""NG""","""Aves""","""Aves""",90661
"""2021-7""","""NG""","""Aves""","""Aves""",128405
"""2021-8""","""NG""","""Aves""","""Aves""",48228
"""2021-9""","""NG""","""Aves""","""Aves""",289750
"""2020-10""","""NL""","""Mareca penelope""","""Aves""",4
"""2020-10""","""NL""","""Anser anser""","""Aves""",1
"""2020-11""","""NL""","""Cygnus olor""","""Aves""",1
"""2020-11""","""NL""","""Anas crecca""","""Aves""",1
"""2020-12""","""NL""","""Aves""","""Aves""",150
"""2021-2""","""NL""","""Branta leucopsis""","""Aves""",1
"""2021-3""","""NL""","""Branta leucopsis""","""Aves""",4
"""2021-3""","""NL""","""Uria aalge""","""Aves""",1
"""2021-3""","""NL""","""Larus fuscus graellsii""","""Aves""",1
"""2021-4""","""NL""","""Branta leucopsis""","""Aves""",9
"""2021-4""","""NL""","""Haliaeetus albicilla""","""Aves""",1
"""2021-5""","""NL""","""Sterna hirundo""","""Aves""",4
"""2021-5""","""NL""","""Branta leucopsis""","""Aves""",3
"""2021-5""","""NL""","""Circus aeruginosus""","""Aves""",1
"""2021-6""","""NL""","""Cygnus olor""","""Aves""",1
"""2023-2""","""NL""","""Bos taurus""","""Mammalia""",1
"""2022-10""","""NO""","""Aves""","""Aves""",15600
"""2022-11""","""NO""","""Aves""","""Aves""",24
"""2023-3""","""NO""","""Aves""","""Aves""",4
"""2023-4""","""NO""","""Aves""","""Aves""",5
"""2023-6""","""NO""","""Rissa tridactyla""","""Aves""",40
"""2023-6""","""NO""","""Larus argentatus""","""Aves""",1
"""2023-6""","""NO""","""Larus marinus""","""Aves""",1
"""2009-1""","""NP""","""Aves""","""Aves""",14
"""2009-2""","""NP""","""Aves""","""Aves""",150
"""2010-1""","""NP""","""Aves""","""Aves""",153
"""2010-2""","""NP""","""Aves""","""Aves""",639
"""2010-3""","""NP""","""Aves""","""Aves""",256
"""2011-11""","""NP""","""Aves""","""Aves""",88
"""2012-1""","""NP""","""Aves""","""Aves""",4647
"""2012-10""","""NP""","""Aves""","""Aves""",1220
"""2012-12""","""NP""","""Aves""","""Aves""",6039
"""2012-2""","""NP""","""Aves""","""Aves""",1773
"""2012-3""","""NP""","""Aves""","""Aves""",24921
"""2012-8""","""NP""","""Aves""","""Aves""",2500
"""2013-1""","""NP""","""Aves""","""Aves""",1122
"""2013-2""","""NP""","""Aves""","""Aves""",3749
"""2013-3""","""NP""","""Aves""","""Aves""",3884
"""2013-4""","""NP""","""Aves""","""Aves""",39483
"""2013-4""","""NP""","""Corvus splendens""","""Aves""",1
"""2013-5""","""NP""","""Aves""","""Aves""",3179
"""2013-6""","""NP""","""Aves""","""Aves""",740
"""2013-7""","""NP""","""Aves""","""Aves""",70544
"""2013-7""","""NP""","""Corvus splendens""","""Aves""",1
"""2013-8""","""NP""","""Aves""","""Aves""",41088
"""2013-9""","""NP""","""Aves""","""Aves""",4529
"""2019-6""","""NP""","""Aves""","""Aves""",1754
"""2019-8""","""NP""","""Aves""","""Aves""",195
"""2022-2""","""NP""","""Corvus splendens""","""Aves""",15
"""2023-1""","""NP""","""Aves""","""Aves""",7192
"""2023-2""","""NP""","""Aves""","""Aves""",11024
"""2023-3""","""NP""","""Aves""","""Aves""",5886
"""2023-5""","""NP""","""Aves""","""Aves""",15972
"""2023-6""","""NP""","""Aves""","""Aves""",1277
"""2023-2""","""PA""","""Aves""","""Aves""",30
"""2009-5""","""PE""","""Aves""","""Aves""",24
"""2010-1""","""PE""","""Aves""","""Aves""",12
"""2022-11""","""PH""","""Aves""","""Aves""",25
"""2022-2""","""PH""","""Aves""","""Aves""",25
"""2022-3""","""PH""","""Aves""","""Aves""",766
"""2022-4""","""PH""","""Aves""","""Aves""",10
"""2022-5""","""PH""","""Aves""","""Aves""",11
"""2022-6""","""PH""","""Aves""","""Aves""",283
"""2022-7""","""PH""","""Aves""","""Aves""",5
"""2022-8""","""PH""","""Aves""","""Aves""",2410
"""2023-1""","""PH""","""Aves""","""Aves""",6
"""2008-6""","""PK""","""Aves""","""Aves""",4000
"""2022-12""","""PL""","""Aves""","""Aves""",345399
"""2022-7""","""PL""","""Aves""","""Aves""",113065
"""2022-9""","""PL""","""Aves""","""Aves""",1677
"""2023-1""","""PL""","""Aves""","""Aves""",143030
"""2023-2""","""PL""","""Aves""","""Aves""",129476
"""2006-3""","""PS""","""Aves""","""Aves""",200
"""2022-11""","""PT""","""Ardea cinerea""","""Aves""",1
"""2022-6""","""PT""","""Morus bassanus""","""Aves""",1
"""2022-8""","""PT""","""Aves""","""Aves""",5000
"""2022-9""","""PT""","""Aves""","""Aves""",50542
"""2023-5""","""PY""","""Aves""","""Aves""",90
"""2022-10""","""RE""","""Aves""","""Aves""",258
"""2023-7""","""RE""","""Aves""","""Aves""",333
"""2005-10""","""RO""","""Aves""","""Aves""",54
"""2005-11""","""RO""","""Aves""","""Aves""",369
"""2005-12""","""RO""","""Aves""","""Aves""",850
"""2006-1""","""RO""","""Aves""","""Aves""",26
"""2006-2""","""RO""","""Aves""","""Aves""",822
"""2006-3""","""RO""","""Aves""","""Aves""",324
"""2006-5""","""RO""","""Aves""","""Aves""",51035
"""2007-11""","""RO""","""Aves""","""Aves""",31
"""2010-3""","""RO""","""Aves""","""Aves""",99
"""2022-3""","""RO""","""Aves""","""Aves""",34125
"""2023-1""","""RO""","""Aves""","""Aves""",267264
"""2006-3""","""RS""","""Aves""","""Aves""",1
"""2021-12""","""RS""","""Aves""","""Aves""",114
"""2022-11""","""RS""","""Cygnus olor""","""Aves""",5
"""2022-2""","""RS""","""Aves""","""Aves""",95
"""2022-5""","""RS""","""Aves""","""Aves""",7
"""2005-10""","""RU""","""Aves""","""Aves""",13802
"""2005-7""","""RU""","""Aves""","""Aves""",3628
"""2005-8""","""RU""","""Aves""","""Aves""",29021
"""2005-9""","""RU""","""Aves""","""Aves""",44
"""2007-1""","""RU""","""Aves""","""Aves""",29
"""2007-2""","""RU""","""Aves""","""Aves""",175
"""2022-10""","""RU""","""Aves""","""Aves""",696487
"""2022-12""","""RU""","""Aves""","""Aves""",2
"""2022-4""","""RU""","""Corvus corone""","""Aves""",1
"""2022-5""","""RU""","""Ichthyaetus ichthyaetus""","""Aves""",300
"""2022-5""","""RU""","""Aves""","""Aves""",60
"""2022-5""","""RU""","""Pelecanus crispus""","""Aves""",26
"""2022-6""","""RU""","""Aves""","""Aves""",527
"""2022-7""","""RU""","""Aves""","""Aves""",960
"""2022-7""","""RU""","""Columba livia""","""Aves""",2
"""2022-8""","""RU""","""Aves""","""Aves""",67364
"""2023-1""","""RU""","""Aves""","""Aves""",2
"""2023-5""","""RU""","""Aves""","""Aves""",9910
"""2023-6""","""RU""","""Aves""","""Aves""",290712
"""2007-11""","""SA""","""Aves""","""Aves""",11500
"""2007-3""","""SA""","""Aves""","""Aves""",106
"""2008-1""","""SA""","""Aves""","""Aves""",1000
"""2006-2""","""SD""","""Aves""","""Aves""",100
"""2006-4""","""SD""","""Aves""","""Aves""",87270
"""2006-11""","""SE""","""Aves""","""Aves""",52
"""2006-3""","""SE""","""Aves""","""Aves""",1
"""2021-5""","""SE""","""Haliaeetus albicilla""","""Aves""",2
"""2021-9""","""SE""","""Phasianus colchicus""","""Aves""",5
"""2022-10""","""SE""","""Cygnus olor""","""Aves""",1
"""2022-11""","""SE""","""Branta leucopsis""","""Aves""",2
"""2022-11""","""SE""","""Anser anser""","""Aves""",1
"""2022-12""","""SE""","""Cygnus olor""","""Aves""",2
"""2023-1""","""SE""","""Bubo bubo""","""Aves""",1
"""2023-3""","""SE""","""Anser anser""","""Aves""",1
"""2023-3""","""SE""","""Cygnus olor""","""Aves""",1
"""2023-3""","""SE""","""Branta leucopsis""","""Aves""",1
"""2023-4""","""SE""","""Ciconia ciconia""","""Aves""",1
"""2023-4""","""SE""","""Chroicocephalus ridibundus""","""Aves""",1
"""2023-4""","""SE""","""Bubo bubo""","""Aves""",1
"""2023-5""","""SE""","""Chroicocephalus ridibundus""","""Aves""",2
"""2023-5""","""SE""","""Haematopus ostralegus""","""Aves""",2
"""2023-5""","""SE""","""Pica pica""","""Aves""",1
"""2023-5""","""SE""","""Larus fuscus graellsii""","""Aves""",1
"""2023-6""","""SE""","""Chroicocephalus ridibundus""","""Aves""",25
"""2023-6""","""SE""","""Larus canus""","""Aves""",2
"""2023-6""","""SE""","""Uria aalge""","""Aves""",1
"""2023-6""","""SE""","""Larus argentatus""","""Aves""",1
"""2023-6""","""SE""","""Larus fuscus graellsii""","""Aves""",1
"""2023-6""","""SE""","""Thalasseus sandvicensis""","""Aves""",1
"""2023-7""","""SE""","""Chroicocephalus ridibundus""","""Aves""",3
"""2007-1""","""SI""","""Oncorhynchus mykiss""","""Actinopteri""",3000
"""2022-10""","""SI""","""Cygnus olor""","""Aves""",4
"""2022-11""","""SI""","""Cygnus olor""","""Aves""",5
"""2022-12""","""SI""","""Cygnus olor""","""Aves""",1
"""2023-5""","""SI""","""Chroicocephalus ridibundus""","""Aves""",172
"""2023-5""","""SI""","""Sterna hirundo""","""Aves""",69
"""2022-8""","""SJ""","""Ursus maritimus""","""Mammalia""",1
"""2007-1""","""SK""","""Aves""","""Aves""",2
"""2021-4""","""SK""","""Aves""","""Aves""",12
"""2022-5""","""SK""","""Aves""","""Aves""",47
"""2023-1""","""SK""","""Aves""","""Aves""",30
"""2023-1""","""SK""","""Cygnus olor""","""Aves""",12
"""2020-12""","""SN""","""Aves""","""Aves""",58000
"""2007-6""","""TG""","""Aves""","""Aves""",2505
"""2007-7""","""TG""","""Aves""","""Aves""",1506
"""2008-9""","""TG""","""Aves""","""Aves""",4231
"""2006-7""","""TH""","""Aves""","""Aves""",2272
"""2007-1""","""TH""","""Aves""","""Aves""",130
"""2007-2""","""TH""","""Aves""","""Aves""",3600
"""2008-1""","""TH""","""Aves""","""Aves""",4115
"""2008-10""","""TH""","""Aves""","""Aves""",5
"""2008-11""","""TH""","""Aves""","""Aves""",5
"""2005-10""","""TR""","""Aves""","""Aves""",1700
"""2005-11""","""TR""","""Aves""","""Aves""",237
"""2005-12""","""TR""","""Aves""","""Aves""",2005
"""2006-1""","""TR""","""Aves""","""Aves""",1998
"""2006-2""","""TR""","""Aves""","""Aves""",2191
"""2006-3""","""TR""","""Aves""","""Aves""",406
"""2008-1""","""TR""","""Aves""","""Aves""",38
"""2008-2""","""TR""","""Aves""","""Aves""",90
"""2008-3""","""TR""","""Aves""","""Aves""",22
"""2023-1""","""TR""","""Aves""","""Aves""",126000
"""2023-2""","""TR""","""Aves""","""Aves""",30781
"""2012-7""","""TW""","""Aves""","""Aves""",37
"""2022-11""","""TW""","""Aves""","""Aves""",1740
"""2022-12""","""TW""","""Aves""","""Aves""",80116
"""2022-5""","""TW""","""Chlidonias hybrida""","""Aves""",18
"""2023-1""","""TW""","""Aves""","""Aves""",50291
"""2023-2""","""TW""","""Aves""","""Aves""",44497
"""2023-2""","""TW""","""Chlidonias hybrida""","""Aves""",1
"""2023-3""","""TW""","""Aves""","""Aves""",43465
"""2023-4""","""TW""","""Aves""","""Aves""",3596
"""2023-4""","""TW""","""Gelochelidon nilotica""","""Aves""",1
"""2023-4""","""TW""","""Platalea minor""","""Aves""",1
"""2005-11""","""UA""","""Aves""","""Aves""",2272
"""2005-12""","""UA""","""Aves""","""Aves""",146349
"""2006-1""","""UA""","""Aves""","""Aves""",78
"""2006-2""","""UA""","""Aves""","""Aves""",24
"""2006-6""","""UA""","""Aves""","""Aves""",335
"""2008-1""","""UA""","""Aves""","""Aves""",173
"""2008-2""","""UA""","""Aves""","""Aves""",3
"""2022-10""","""US""","""Mephitis mephitis""","""Mammalia""",3
"""2022-10""","""US""","""Ursus arctos""","""Mammalia""",1
"""2022-10""","""US""","""Didelphis virginiana""","""Mammalia""",1
"""2022-10""","""US""","""Vulpes vulpes""","""Mammalia""",1
"""2022-11""","""US""","""Mephitis mephitis""","""Mammalia""",10
"""2022-11""","""US""","""Lontra canadensis""","""Mammalia""",1
"""2022-11""","""US""","""Ursus arctos""","""Mammalia""",1
"""2022-12""","""US""","""Vulpes vulpes""","""Mammalia""",3
"""2022-12""","""US""","""Felis catus""","""Mammalia""",2
"""2022-12""","""US""","""Lynx rufus""","""Mammalia""",1
"""2022-12""","""US""","""Mephitis mephitis""","""Mammalia""",1
"""2022-12""","""US""","""Ursus arctos""","""Mammalia""",1
"""2022-4""","""US""","""Vulpes vulpes""","""Mammalia""",17
"""2022-4""","""US""","""Puma""","""Mammalia""",1
"""2022-4""","""US""","""Pekania pennanti""","""Mammalia""",1
"""2022-4""","""US""","""Lynx rufus""","""Mammalia""",1
"""2022-5""","""US""","""Vulpes vulpes""","""Mammalia""",28
"""2022-5""","""US""","""Didelphis virginiana""","""Mammalia""",2
"""2022-5""","""US""","""Canis latrans""","""Mammalia""",1
"""2022-5""","""US""","""Lynx rufus""","""Mammalia""",1
"""2022-6""","""US""","""Phoca vitulina""","""Mammalia""",6
"""2022-6""","""US""","""Vulpes vulpes""","""Mammalia""",4
"""2022-6""","""US""","""Mephitis mephitis""","""Mammalia""",3
"""2022-7""","""US""","""Phoca vitulina""","""Mammalia""",10
"""2022-7""","""US""","""Halichoerus grypus""","""Mammalia""",1
"""2022-7""","""US""","""Mephitis mephitis""","""Mammalia""",1
"""2022-9""","""US""","""Vulpes vulpes""","""Mammalia""",5
"""2022-9""","""US""","""Panthera pardus orientalis""","""Mammalia""",1
"""2023-1""","""US""","""Mephitis mephitis""","""Mammalia""",3
"""2023-1""","""US""","""Vulpes vulpes""","""Mammalia""",3
"""2023-1""","""US""","""Puma""","""Mammalia""",2
"""2023-1""","""US""","""Felis catus""","""Mammalia""",2
"""2023-1""","""US""","""Lynx rufus""","""Mammalia""",1
"""2023-2""","""US""","""Puma""","""Mammalia""",7
"""2023-2""","""US""","""Mephitis mephitis""","""Mammalia""",5
"""2023-2""","""US""","""Lynx rufus""","""Mammalia""",2
"""2023-3""","""US""","""Puma""","""Mammalia""",6
"""2023-3""","""US""","""Mephitis mephitis""","""Mammalia""",6
"""2023-3""","""US""","""Vulpes vulpes""","""Mammalia""",3
"""2023-3""","""US""","""Felis catus""","""Mammalia""",2
"""2023-3""","""US""","""Pekania pennanti""","""Mammalia""",1
"""2023-3""","""US""","""Martes americana""","""Mammalia""",1
"""2023-4""","""US""","""Vulpes vulpes""","""Mammalia""",17
"""2023-4""","""US""","""Puma""","""Mammalia""",3
"""2023-4""","""US""","""Pekania pennanti""","""Mammalia""",1
"""2023-4""","""US""","""Mephitis mephitis""","""Mammalia""",1
"""2023-5""","""US""","""Vulpes vulpes""","""Mammalia""",5
"""2023-5""","""US""","""Bos taurus""","""Mammalia""",1
"""2023-5""","""US""","""Mephitis mephitis""","""Mammalia""",1
"""2023-6""","""US""","""Vulpes vulpes""","""Mammalia""",1
"""2006-12""","""VN""","""Aves""","""Aves""",9834
"""2007-1""","""VN""","""Aves""","""Aves""",3875
"""2007-10""","""VN""","""Aves""","""Aves""",2580
"""2007-11""","""VN""","""Aves""","""Aves""",2438
"""2007-12""","""VN""","""Aves""","""Aves""",880
"""2007-2""","""VN""","""Aves""","""Aves""",6050
"""2007-3""","""VN""","""Aves""","""Aves""",1770
"""2007-5""","""VN""","""Aves""","""Aves""",11773
"""2007-6""","""VN""","""Aves""","""Aves""",4132
"""2007-7""","""VN""","""Aves""","""Aves""",2012
"""2007-8""","""VN""","""Aves""","""Aves""",1121
"""2008-1""","""VN""","""Aves""","""Aves""",2900
"""2008-10""","""VN""","""Aves""","""Aves""",1400
"""2008-12""","""VN""","""Aves""","""Aves""",531
"""2008-2""","""VN""","""Aves""","""Aves""",7177
"""2008-3""","""VN""","""Aves""","""Aves""",4453
"""2008-4""","""VN""","""Aves""","""Aves""",2221
"""2008-5""","""VN""","""Aves""","""Aves""",3690
"""2008-6""","""VN""","""Aves""","""Aves""",1625
"""2008-7""","""VN""","""Aves""","""Aves""",1310
"""2008-8""","""VN""","""Aves""","""Aves""",2310
"""2008-9""","""VN""","""Aves""","""Aves""",764
"""2009-1""","""VN""","""Aves""","""Aves""",347
"""2009-11""","""VN""","""Aves""","""Aves""",635
"""2009-12""","""VN""","""Aves""","""Aves""",498
"""2009-2""","""VN""","""Aves""","""Aves""",5797
"""2009-3""","""VN""","""Aves""","""Aves""",1069
"""2009-4""","""VN""","""Aves""","""Aves""",260
"""2009-5""","""VN""","""Aves""","""Aves""",329
"""2009-6""","""VN""","""Aves""","""Aves""",650
"""2010-1""","""VN""","""Aves""","""Aves""",5053
"""2010-11""","""VN""","""Aves""","""Aves""",244
"""2010-12""","""VN""","""Aves""","""Aves""",12
"""2010-2""","""VN""","""Aves""","""Aves""",6317
"""2010-3""","""VN""","""Aves""","""Aves""",3731
"""2010-4""","""VN""","""Aves""","""Aves""",1350
"""2010-5""","""VN""","""Aves""","""Aves""",249
"""2010-6""","""VN""","""Aves""","""Aves""",5900
"""2010-7""","""VN""","""Aves""","""Aves""",760
"""2011-1""","""VN""","""Aves""","""Aves""",2092
"""2011-2""","""VN""","""Aves""","""Aves""",2424
"""2011-3""","""VN""","""Aves""","""Aves""",10097
"""2011-4""","""VN""","""Aves""","""Aves""",7746
"""2011-5""","""VN""","""Aves""","""Aves""",1608
"""2011-7""","""VN""","""Aves""","""Aves""",5198
"""2011-8""","""VN""","""Aves""","""Aves""",3050
"""2012-1""","""VN""","""Aves""","""Aves""",2897
"""2012-2""","""VN""","""Aves""","""Aves""",6865
"""2013-10""","""VN""","""Aves""","""Aves""",370
"""2014-1""","""VN""","""Aves""","""Aves""",3895
"""2014-2""","""VN""","""Aves""","""Aves""",39112
"""2014-3""","""VN""","""Aves""","""Aves""",10166
"""2020-10""","""VN""","""Aves""","""Aves""",330
"""2020-12""","""VN""","""Aves""","""Aves""",320
"""2020-2""","""VN""","""Aves""","""Aves""",7990
"""2020-4""","""VN""","""Aves""","""Aves""",3070
"""2020-7""","""VN""","""Aves""","""Aves""",500
"""2020-8""","""VN""","""Aves""","""Aves""",1058
"""2020-9""","""VN""","""Aves""","""Aves""",520
"""2021-1""","""VN""","""Aves""","""Aves""",6200
"""2021-5""","""VN""","""Aves""","""Aves""",4466
"""2021-10""","""ZA""","""Phalacrocorax capensis""","""Aves""",10576
"""2021-10""","""ZA""","""Aves""","""Aves""",6644
"""2021-10""","""ZA""","""Spheniscus demersus""","""Aves""",207
"""2021-10""","""ZA""","""Morus capensis""","""Aves""",20
"""2021-10""","""ZA""","""Alopochen aegyptiaca""","""Aves""",2
"""2021-10""","""ZA""","""Phalacrocorax lucidus""","""Aves""",2
"""2021-11""","""ZA""","""Phalacrocorax capensis""","""Aves""",2701
"""2021-11""","""ZA""","""Aves""","""Aves""",1704
"""2021-11""","""ZA""","""Sterna hirundo""","""Aves""",1
"""2021-12""","""ZA""","""Aves""","""Aves""",182
"""2021-12""","""ZA""","""Phalacrocorax capensis""","""Aves""",33
"""2021-12""","""ZA""","""Sterna hirundo""","""Aves""",2
"""2021-12""","""ZA""","""Phalacrocorax lucidus""","""Aves""",1
"""2021-3""","""ZA""","""Aves""","""Aves""",3422
"""2021-4""","""ZA""","""Aves""","""Aves""",14545
"""2021-5""","""ZA""","""Aves""","""Aves""",166146
"""2021-5""","""ZA""","""Phalacrocorax capensis""","""Aves""",223
"""2021-5""","""ZA""","""Spheniscus demersus""","""Aves""",178
"""2021-5""","""ZA""","""Threskiornis aethiopicus""","""Aves""",14
"""2021-5""","""ZA""","""Laridae""","""Aves""",13
"""2021-5""","""ZA""","""Alopochen aegyptiaca""","""Aves""",9
"""2021-5""","""ZA""","""Ara ararauna""","""Aves""",2
"""2021-5""","""ZA""","""Tyto alba""","""Aves""",2
"""2021-5""","""ZA""","""Plectropterus gambensis""","""Aves""",2
"""2021-5""","""ZA""","""Larus dominicanus""","""Aves""",2
"""2021-5""","""ZA""","""Pterodroma macroptera""","""Aves""",1
"""2021-5""","""ZA""","""Haematopus bachmani""","""Aves""",1
"""2021-5""","""ZA""","""Chroicocephalus cirrocephalus""","""Aves""",1
"""2021-6""","""ZA""","""Aves""","""Aves""",22814
"""2021-6""","""ZA""","""Larus dominicanus""","""Aves""",29
"""2021-6""","""ZA""","""Phalacrocorax capensis""","""Aves""",13
"""2021-6""","""ZA""","""Cygnus atratus""","""Aves""",12
"""2021-6""","""ZA""","""Threskiornis aethiopicus""","""Aves""",8
"""2021-6""","""ZA""","""Laridae""","""Aves""",7
"""2021-6""","""ZA""","""Grus paradisea""","""Aves""",2
"""2021-6""","""ZA""","""Stercorarius lonnbergi""","""Aves""",1
"""2021-6""","""ZA""","""Thalasseus sandvicensis""","""Aves""",1
"""2021-6""","""ZA""","""Anas platyrhynchos""","""Aves""",1
"""2021-7""","""ZA""","""Aves""","""Aves""",4281
"""2021-8""","""ZA""","""Aves""","""Aves""",5695
"""2021-8""","""ZA""","""Bostrychia hagedash""","""Aves""",2
"""2021-9""","""ZA""","""Phalacrocorax capensis""","""Aves""",3223
"""2021-9""","""ZA""","""Aves""","""Aves""",704
"""2021-9""","""ZA""","""Phalacrocorax lucidus""","""Aves""",4
"""2021-9""","""ZA""","""Spheniscus demersus""","""Aves""",2
"""2021-9""","""ZA""","""Sterna hirundo""","""Aves""",1
"""2022-1""","""ZA""","""Aves""","""Aves""",6446
"""2022-10""","""ZA""","""Morus capensis""","""Aves""",5
"""2022-11""","""ZA""","""Spheniscus demersus""","""Aves""",151
"""2022-11""","""ZA""","""Phalacrocorax capensis""","""Aves""",2
"""2022-2""","""ZA""","""Aves""","""Aves""",296
"""2022-2""","""ZA""","""Ciconia ciconia""","""Aves""",4
"""2022-3""","""ZA""","""Aves""","""Aves""",89
"""2022-3""","""ZA""","""Sterna hirundo""","""Aves""",1
"""2022-5""","""ZA""","""Aves""","""Aves""",12
"""2022-6""","""ZA""","""Aves""","""Aves""",336
"""2022-6""","""ZA""","""Sterna hirundo""","""Aves""",2
"""2022-7""","""ZA""","""Sterna hirundo""","""Aves""",2
"""2022-7""","""ZA""","""Spheniscus demersus""","""Aves""",1