species,disease,ParasiteGMPD,close,nonclose,vector,intermediate
Canis adustus,Leptospirosis,Leptospira icterohaemorrhagiae,1,1,0,0
Canis adustus,Rabies,Lyssavirus Rabies lyssavirus,1,0,0,0
Canis aureus,Anaplasmosis,Anaplasma phagocytophilum,0,0,1,0
Canis aureus,Echinococcosis - unilocular,Echinococcus granulosus,0,1,0,1
Canis aureus,Bartonellosis - other systemic,Bartonella rochalimae,0,0,1,0
Canis aureus,Brucellosis,Brucella canis,NA,NA,NA,NA
Canis aureus,Dipylidiasis,Dipylidium caninum,0,0,0,1
Canis aureus,Dirofilariasis,Dirofilaria immitis,0,0,1,0
Canis aureus,Echinococcosis - multilocular,Echinococcus multilocularis,0,0,0,1
Canis aureus,Giardiasis,Giardia duodenalis,1,1,0,0
Canis aureus,Leishmaniasis - cutaneous,Leishmania tropica,NA,NA,NA,NA
Canis aureus,Leishmaniasis - visceral,Leishmania infantum,1,0,1,1
Canis aureus,Metagonimiasis,Metagonimus yokogawai,0,0,0,1
Canis aureus,Rabies,Lyssavirus Rabies lyssavirus,1,0,0,0
Canis aureus,Small intestinal trematodes,Haplorchis taichui,NA,NA,NA,NA
Canis aureus,Spotted fevers - Old World,Rickettsia raoultii,NA,NA,NA,NA
Canis aureus,Toxocariasis,Toxocara canis,1,0,0,0
Canis aureus,Trichinosis,"Trichinella spiralis, Trichinella britovi",0,1,0,0
Canis aureus,Ehrlichiosis - human monocytic,"Ehrlichia canis, Ehrlichia chaffeensis",0,0,1,0
Canis latrans,Toxocariasis,Toxocara canis,1,0,0,0
Canis latrans,Trypanosomiasis - American,Trypanosoma cruzi,0,0,1,0
Canis latrans,Tularemia,Francisella tularensis,1,1,1,0
Canis latrans,West Nile fever,Flavivirus West Nile virus,0,0,1,0
Canis latrans,Bartonellosis - other systemic,Bartonella vinsonii,0,1,1,0
Canis latrans,California encephalitis group,Orthobunyavirus California encephalitis orthobunyavirus,0,0,1,0
Canis latrans,Cryptosporidiosis,Cryptosporidium sp.,NA,NA,NA,NA
Canis latrans,Dirofilariasis,Dirofilaria immitis,0,0,1,0
Canis latrans,Eastern equine encephalitis,Alphavirus Eastern equine encephalitis virus,0,0,1,0
Canis latrans,Echinococcosis - multilocular,Echinococcus multilocularis,0,0,0,1
Canis latrans,Echinococcosis - unilocular,Echinococcus granulosus,0,1,0,1
Canis latrans,Ehrlichiosis - human monocytic,"Ehrlichia canis, Ehrlichia chaffeensis",0,0,1,0
Canis latrans,Giardiasis,Giardia duodenalis,1,1,0,0
Canis latrans,Leptospirosis,Leptospira interrogans,1,1,0,0
Canis latrans,Lyme disease,Borrelia burgdorferi,0,0,1,0
Canis latrans,Paragonimiasis,Paragonimus kellicotti,0,0,0,1
Canis latrans,Plague,Yersinia pestis,1,0,1,0
Canis latrans,Powassan,Flavivirus sp.,NA,NA,NA,NA
Canis latrans,Rabies,Lyssavirus Rabies lyssavirus,1,0,0,0
Canis latrans,Spotted fevers - New World,Rickettsia rickettsii,0,1,1,0
Canis latrans,Toxoplasmosis,Toxoplasma gondii,1,1,0,1
Canis lupus,Coenurosis,"Taenia crassiceps, Taenia hydatigena, Taenia krabbei, Taenia multiceps, Taenia pisiformis, Taenia polyacantha",0,1,0,1
Canis lupus,Cysticercosis,Taenia crassiceps,0,1,0,1
Canis lupus,Diphyllobothriasis,Diphyllobothrium latum,0,0,0,1
Canis lupus,Dipylidiasis,Dipylidium caninum,0,0,0,1
Canis lupus,Dirofilariasis,"Dirofilaria immitis, Dirofilaria repens",0,0,1,0
Canis lupus,Eastern equine encephalitis,Alphavirus Eastern equine encephalitis virus,0,0,1,0
Canis lupus,Echinococcosis - multilocular,Echinococcus multilocularis,0,0,0,1
Canis lupus,Echinococcosis - unilocular,Echinococcus granulosus,0,1,0,1
Canis lupus,Giardiasis,Giardia duodenalis,1,1,0,0
Canis lupus,Influenza,Influenzavirus A Influenza A virus,1,0,0,0
Canis lupus,Leishmaniasis - cutaneous,Leishmania mexicana,NA,NA,NA,NA
Canis lupus,Leishmaniasis - visceral,Leishmania infantum,1,0,1,1
Canis lupus,Leptospirosis,Leptospira interrogans,1,1,0,0
Canis lupus,Lyme disease,Borrelia burgdorferi,0,0,1,0
Canis lupus,Opisthorchiasis,Opisthorchis felineus,0,0,0,1
Canis lupus,Paragonimiasis,Alaria alata,0,1,0,1
Canis lupus,Sarcocystosis,Sarcocystis sp.,NA,NA,NA,NA
Canis lupus,Taeniasis,Taenia crassiceps,0,1,0,1
Canis lupus,Thelaziasis,Thelazia callipaeda,0,0,1,0
Canis lupus,Toxocariasis,Toxocara canis,1,0,0,0
Canis lupus,Toxoplasmosis,Toxoplasma gondii,1,1,0,1
Canis lupus,Trichinosis,Trichinella britovi,0,1,0,0
Canis lupus,Trypanosomiasis - American,Trypanosoma cruzi,0,0,1,0
Canis lupus,West Nile fever,Flavivirus West Nile virus,0,0,1,0
Canis lupus,Yersiniosis,Yersinia enterocolitica,1,1,0,0
Canis lupus,Acanthocephalan infections,Moniliformis moniliformis,0,0,0,1
Canis lupus,Anaplasmosis,Anaplasma phagocytophilum,0,0,1,0
Canis lupus,Anthrax,Bacillus anthracis,0,1,0,0
Canis lupus,Babesiosis,Babesia spp.,0,0,1,0
Canis lupus,Bartonellosis - cat borne,Bartonella rochalimae,0,0,1,0
Canis lupus,Bartonellosis - other systemic,Bartonella rochalimae,0,0,1,0
Canis lupus,Capillariasis - extraintestinal,Capillaria aerophila,0,1,0,1
Canis mesomelas,Anthrax,Bacillus anthracis,0,1,0,0
Canis mesomelas,Rabies,Lyssavirus Rabies lyssavirus,1,0,0,0
Canis simensis,Rabies,Lyssavirus Rabies lyssavirus,1,0,0,0
Callorhinus ursinus,Diphyllobothriasis,Adenocephalus pacificus,NA,NA,NA,NA
Callorhinus ursinus,Nanophyetiasis,Nanophyetus salmincola,0,1,0,1
Atilax paludinosus,Paragonimiasis,Paragonimus africanus,0,0,0,1
Atilax paludinosus,Rabies,Lagos bat virus,NA,NA,NA,NA
Cerdocyon thous,Angiostrongyliasis,Angiostrongylus vasorum,0,1,0,1
Cerdocyon thous,Bartonellosis - cat borne,"Bartonella clarridgeiae, Bartonella henselae",0,1,1,0
Cerdocyon thous,Bartonellosis - other systemic,"Bartonella clarridgeiae, Bartonella henselae",0,1,1,0
Cerdocyon thous,Capillariasis - extraintestinal,Capillaria aerophila,0,1,0,1
Cerdocyon thous,Dioctophyma renale infection,Dioctophyma renale,0,0,0,1
Cerdocyon thous,Dipylidiasis,Dipylidium caninum,0,0,0,1
Cerdocyon thous,Leishmaniasis - cutaneous,Leishmania amazonensis,NA,NA,NA,NA
Cerdocyon thous,Leishmaniasis - visceral,Leishmania chagasi,0,0,1,1
Cerdocyon thous,Leptospirosis,"Leptospira santarosai Brasiliensis, Leptospira santarosai Fluminense",NA,NA,NA,NA
Cerdocyon thous,Rabies,Lyssavirus Rabies lyssavirus,1,0,0,0
Cerdocyon thous,Toxoplasmosis,Toxoplasma gondii,1,1,0,1
Cerdocyon thous,Trypanosomiasis - American,"Trypanosoma cruzi, Trypanosoma evansi",0,0,1,0
Erignathus barbatus,Toxoplasmosis,Toxoplasma gondii,1,1,0,1
Genetta genetta,Echinococcosis - unilocular,Echinococcus granulosus,0,1,0,1
Genetta genetta,Leishmaniasis - cutaneous,Leishmania donovani,0,0,1,1
Genetta genetta,Leishmaniasis - visceral,Leishmania infantum,1,0,1,1
Genetta genetta,Leptospirosis,Leptospira interrogans,1,1,0,0
Genetta genetta,Toxoplasmosis,Toxoplasma gondii,1,1,0,1
Eumetopias jubatus,Q-fever,Coxiella burnetii,1,1,1,0
Galictis cuja,Dioctophyma renale infection,Dioctophyma renale,0,0,0,1
Bassaricyon gabbii,Trypanosomiasis - American,Trypanosoma cruzi,0,0,1,0
Bassariscus astutus,Trypanosomiasis - American,Trypanosoma cruzi,0,0,1,0
Caracal caracal,Anthrax,Bacillus anthracis,0,1,0,0
Caracal caracal,Toxoplasmosis,Toxoplasma gondii,1,1,0,1
Chrotogale owstoni,Influenza,Influenzavirus A Influenza A virus,1,0,0,0
Chrysocyon brachyurus,Bartonellosis - cat borne,"Bartonella clarridgeiae, Bartonella vinsonii",0,1,1,0
Chrysocyon brachyurus,Bartonellosis - other systemic,"Bartonella clarridgeiae, Bartonella vinsonii",0,1,1,0
Chrysocyon brachyurus,Dirofilariasis,Dirofilaria immitis,0,0,1,0
Chrysocyon brachyurus,Leptospirosis,Leptospira interrogans,1,1,0,0
Chrysocyon brachyurus,Rabies,Lyssavirus Rabies lyssavirus,1,0,0,0
Chrysocyon brachyurus,Toxoplasmosis,Toxoplasma gondii,1,1,0,1
Civettictis civetta,Rabies,Lyssavirus Rabies lyssavirus,1,0,0,0
Conepatus chinga,Leptospirosis,Leptospira interrogans,1,1,0,0
Cynictis penicillata,Rabies,Lyssavirus Rabies lyssavirus,1,0,0,0
Cystophora cristata,Cryptosporidiosis,Cryptosporidium sp.,NA,NA,NA,NA
Cystophora cristata,Giardiasis,Giardia duodenalis,1,1,0,0
Cystophora cristata,Toxoplasmosis,Toxoplasma gondii,1,1,0,1
Eira barbara,Mayaro,Alphavirus Mayaro virus,0,0,1,0
Eira barbara,Yellow fever,Flavivirus Yellow fever virus,0,0,1,0
Enhydra lutris,Campylobacteriosis,Campylobacter sp.,NA,NA,NA,NA
Enhydra lutris,Coccidioidomycosis,Coccidioides immitis,0,1,0,0
Enhydra lutris,Histoplasmosis,Histoplasma capsulatum,0,1,0,0
Enhydra lutris,Leptospirosis,Leptospira grippotyphosa,1,1,0,0
Enhydra lutris,Salmonellosis,Salmonella enterica,1,1,0,0
Enhydra lutris,Toxoplasmosis,Toxoplasma gondii,1,1,0,1
Enhydra lutris,Vibrio parahaemolyticus infection,Vibrio parahaemolyticus,0,1,0,0
Genetta servalina,Trypanosomiasis - African,Trypanosoma brucei gambiense,1,0,1,0
Felis catus,Bartonellosis - cat borne,Bartonella sp.,NA,NA,NA,NA
Felis catus,Cryptosporidiosis,Cryptosporidium sp.,NA,NA,NA,NA
Felis catus,Dipylidiasis,Dipylidium caninum,0,0,0,1
Felis catus,Dirofilariasis,Dirofilaria immitis,0,0,1,0
Felis catus,Echinococcosis - multilocular,Echinococcus multilocularis,0,0,0,1
Felis catus,Echinococcosis - unilocular,Echinococcus granulosus,0,1,0,1
Felis catus,Giardiasis,Giardia duodenalis,1,1,0,0
Felis catus,Leishmaniasis - cutaneous,Leishmania mexicana,NA,NA,NA,NA
Felis catus,Leishmaniasis - mucocutaneous,Leishmania sp.,NA,NA,NA,NA
Felis catus,Rabies,Lyssavirus Rabies lyssavirus,1,0,0,0
Felis catus,Toxocariasis,Toxocara cati,1,0,0,0
Felis catus,Toxoplasmosis,Toxoplasma gondii,1,1,0,1
Otocolobus manul,Toxoplasmosis,Toxoplasma gondii,1,1,0,1
Felis margarita,Toxoplasmosis,Toxoplasma gondii,1,1,0,1
Gulo gulo,Trichinosis,Trichinella pseudospiralis,0,1,0,0
Halichoerus grypus,Anisakiasis,Anisakis simplex,0,1,0,1
Halichoerus grypus,Campylobacteriosis,Campylobacter sp.,NA,NA,NA,NA
Halichoerus grypus,Influenza,Influenzavirus A Influenza A virus (H5N8),1,0,0,0
Halichoerus grypus,Pseudocowpox,Sealpox virus,NA,NA,NA,NA
Halichoerus grypus,Salmonellosis,Salmonella enterica,1,1,0,0
Halichoerus grypus,Toxoplasmosis,Toxoplasma gondii,1,1,0,1
Herpestes ichneumon,Leishmaniasis - visceral,Leishmania infantum,1,0,1,1
Herpestes ichneumon,Leptospirosis,Leptospira interrogans,1,1,0,0
Herpestes ichneumon,Toxoplasmosis,Toxoplasma gondii,1,1,0,1
Herpestes javanicus,Campylobacteriosis,Campylobacter sp.,NA,NA,NA,NA
Herpestes javanicus,Rabies,Lyssavirus Rabies lyssavirus,1,0,0,0
Herpestes javanicus,Salmonellosis,Salmonella enterica,1,1,0,0
Felis silvestris,Bartonellosis - cat borne,Bartonella henselae,0,0,1,0
Felis silvestris,Bartonellosis - other systemic,Bartonella henselae,0,0,1,0
Felis silvestris,Dirofilariasis,Dirofilaria immitis,0,0,1,0
Felis silvestris,Echinococcosis - multilocular,Echinococcus multilocularis,0,0,0,1
Felis silvestris,Leptospirosis,Leptospira icterohaemorrhagiae,1,1,0,0
Felis silvestris,Thelaziasis,Thelazia callipaeda,0,0,1,0
Felis silvestris,Toxocariasis,Toxocara cati,1,0,0,0
Felis silvestris,Toxoplasmosis,Toxoplasma gondii,1,1,0,1
Hyaena hyaena,Echinococcosis - multilocular,Echinococcus multilocularis,0,0,0,1
Hyaena hyaena,Echinococcosis - unilocular,Echinococcus granulosus,0,1,0,1
Hyaena hyaena,Pentastomiasis - Armillifer,Armillifer armillatus,0,1,0,1
Neomonachus schauinslandi,Dirofilariasis,Dirofilaria immitis,0,0,1,0
Neomonachus schauinslandi,Leptospirosis,Leptospira interrogans,1,1,0,0
Neomonachus schauinslandi,Toxoplasmosis,Toxoplasma gondii,1,1,0,1
Meles anakuma,Sarcocystosis,Sarcocystis sp.,NA,NA,NA,NA
Meles leucurus,Brucellosis,Brucella melitensis,1,1,0,0
Meles meles,Anaplasmosis,Anaplasma phagocytophilum,0,0,1,0
Meles meles,Babesiosis,Babesia spp.,0,0,1,0
Meles meles,Bartonellosis - other systemic,Bartonella clarridgeiae,0,1,1,0
Meles meles,Histoplasmosis,Histoplasma capsulatum,0,1,0,0
Meles meles,Leishmaniasis - visceral,Leishmania donovani,0,0,1,1
Meles meles,Leptospirosis,Leptospira interrogans,1,1,0,0
Meles meles,Lyme disease,Borrelia afzelii,0,0,1,0
Meles meles,Sarcocystosis,Sarcocystis sp.,NA,NA,NA,NA
Meles meles,Thelaziasis,Thelazia callipaeda,0,0,1,0
Meles meles,Toxoplasmosis,Toxoplasma gondii,1,1,0,1
Mellivora capensis,Rabies,Lyssavirus Rabies lyssavirus,1,0,0,0
Mirounga angustirostris,Influenza,Influenzavirus A Influenza A virus,1,0,0,0
Mirounga leonina,Toxoplasmosis,Toxoplasma gondii,1,1,0,1
Mungos mungo,Leptospirosis,Leptospira interrogans,1,1,0,0
Mungos mungo,Tuberculosis,Mycobacterium tuberculosis,1,1,0,0
Mungos mungo,Vaccinia and cowpox,Cowpox virus,NA,NA,NA,NA
Leopardus colocolo,Toxoplasmosis,Toxoplasma gondii,1,1,0,1
Leopardus geoffroyi,Dirofilariasis,Dirofilaria immitis,0,0,1,0
Leopardus geoffroyi,Lagochilascariasis,Lagochilascaris minor,NA,NA,NA,NA
Leopardus geoffroyi,Toxocariasis,Toxocara cati,1,0,0,0
Leopardus geoffroyi,Toxoplasmosis,Toxoplasma gondii,1,1,0,1
Leopardus pardalis,Dirofilariasis,Dirofilaria immitis,0,0,1,0
Leopardus pardalis,Echinococcosis - American polycystic,Echinococcus oligarthrus,0,0,0,1
Leopardus pardalis,Toxoplasmosis,Toxoplasma gondii,1,1,0,1
Leopardus tigrinus,Toxoplasmosis,Toxoplasma gondii,1,1,0,1
Leopardus wiedii,Dirofilariasis,Dirofilaria immitis,0,0,1,0
Leopardus wiedii,Toxoplasmosis,Toxoplasma gondii,1,1,0,1
Leptailurus serval,Leptospirosis,Leptospira icterohaemorrhagiae,1,1,0,0
Leptonychotes weddellii,Toxoplasmosis,Toxoplasma gondii,1,1,0,1
Lobodon carcinophaga,Toxoplasmosis,Toxoplasma gondii,1,1,0,1
Lontra canadensis,Diphyllobothriasis,Diphyllobothrium dendriticum,0,0,0,1
Lontra canadensis,Giardiasis,Giardia sp.,NA,NA,NA,NA
Lontra canadensis,Leptospirosis,Leptospira interrogans,1,1,0,0
Lontra canadensis,Rabies,Lyssavirus Rabies lyssavirus,1,0,0,0
Lontra canadensis,Toxoplasmosis,Toxoplasma gondii,1,1,0,1
Lontra felina,Toxoplasmosis,Toxoplasma gondii,1,1,0,1
Lutra lutra,Anisakiasis,Anisakis sp.,NA,NA,NA,NA
Lutra lutra,Diphyllobothriasis,Diphyllobothrium latum,0,0,0,1
Lutra lutra,Dirofilariasis,Dirofilaria immitis,0,0,1,0
Lutra lutra,Metorchiasis,Metorchis sp.,NA,NA,NA,NA
Lutra lutra,Microsporidiosis,Encephalitozoon cuniculi,NA,NA,NA,NA
Lutra lutra,Opisthorchiasis,Opisthorchis felineus,0,0,0,1
Lutra lutra,Streptococcus suis infection,Streptococcus suis,1,1,0,0
Lutra lutra,Toxoplasmosis,Toxoplasma gondii,1,1,0,1
Pseudalopex griseus,Bartonellosis - other systemic,"Bartonella vinsonii, Bartonella rochalimae",0,1,1,0
Pseudalopex griseus,Leptospirosis,Leptospira interrogans,1,1,0,0
Pseudalopex gymnocercus,Echinococcosis - unilocular,Echinococcus granulosus,0,1,0,1
Pseudalopex gymnocercus,Lagochilascariasis,Lagochilascaris major,NA,NA,NA,NA
Pseudalopex vetulus,Bartonellosis - cat borne,Bartonella clarridgeiae,0,1,1,0
Pseudalopex vetulus,Bartonellosis - other systemic,Bartonella clarridgeiae,0,1,1,0
Pseudalopex vetulus,Leishmaniasis - visceral,Leishmania chagasi,0,0,1,1
Lycaon pictus,Echinococcosis - unilocular,Echinococcus granulosus,0,1,0,1
Lycaon pictus,Rabies,Lyssavirus Rabies lyssavirus,1,0,0,0
Lycaon pictus,Tuberculosis,Mycobacterium bovis,1,1,0,0
Lynx canadensis,Plague,Yersinia pestis,1,0,1,0
Lynx canadensis,Toxoplasmosis,Toxoplasma gondii,1,1,0,1
Lynx lynx,Diphyllobothriasis,Diphyllobothrium latum,0,0,0,1
Lynx canadensis,Leptospirosis,Leptospira icterohaemorrhagiae,1,1,0,0
Lynx lynx,Rabies,Lyssavirus Rabies lyssavirus,1,0,0,0
Lynx lynx,Thelaziasis,Thelazia callipaeda,0,0,1,0
Lynx lynx,Toxocariasis,Toxocara cati,1,0,0,0
Lynx lynx,Toxoplasmosis,Toxoplasma gondii,1,1,0,1
Lynx lynx,Trichinosis,Trichinella nativa,0,1,0,0
Lynx lynx,Trypanosomiasis - American,Trypanosoma cruzi,0,0,1,0
Lynx lynx,Tuberculosis,Mycobacterium bovis,1,1,0,0
Lynx lynx,Echinococcosis - multilocular,Echinococcus multilocularis,0,0,0,1
Lynx lynx,Plague,Yersinia pestis,1,0,1,0
Lynx lynx,Sparganosis,Spirometra janickii,0,0,0,1
Lynx lynx,Vaccinia and cowpox,Orthopoxvirus sp.,NA,NA,NA,NA
Lynx pardinus,Leishmaniasis - visceral,Leishmania infantum,1,0,1,1
Lynx pardinus,Leptospirosis,Leptospira interrogans,1,1,0,0
Lynx pardinus,Toxocariasis,Toxocara cati,1,0,0,0
Lynx pardinus,Toxoplasmosis,Toxoplasma gondii,1,1,0,1
Lynx rufus,Bartonellosis - cat borne,"Bartonella henselae, Bartonella koehlerae",0,0,1,0
Lynx rufus,Cryptosporidiosis,Cryptosporidium sp.,NA,NA,NA,NA
Lynx rufus,Echinococcosis - American polycystic,Echinococcus oligarthrus,0,0,0,1
Lynx rufus,Giardiasis,Giardia duodenalis,1,1,0,0
Lynx rufus,Plague,Yersinia pestis,1,0,1,0
Lynx rufus,Rabies,Lyssavirus Rabies lyssavirus,1,0,0,0
Lynx rufus,Toxocariasis,Toxocara cati,1,0,0,0
Lynx rufus,Toxoplasmosis,Toxoplasma gondii,1,1,0,1
Lynx rufus,Trypanosomiasis - American,Trypanosoma cruzi,0,0,1,0
Melogale moschata,Rabies,Lyssavirus Rabies lyssavirus,1,0,0,0
Melogale moschata,SARS,Alphacoronavirus Alphacoronavirus 1,0,1,0,0
Melogale moschata,Toxoplasmosis,Toxoplasma gondii,1,1,0,1
Melursus ursinus,Influenza,Influenzavirus A Influenza A virus (pH1N1),1,0,0,0
Mephitis macroura,West Nile fever,Flavivirus West Nile virus,0,0,1,0
Mephitis mephitis,Anaplasmosis,Anaplasma phagocytophilum,0,0,1,0
Mephitis mephitis,Bartonellosis - other systemic,Bartonella rochalimae,0,0,1,0
Mephitis mephitis,California encephalitis group,Orthobunyavirus California encephalitis orthobunyavirus,0,0,1,0
Mephitis mephitis,Leptospirosis,Leptospira interrogans,1,1,0,0
Mephitis mephitis,Paragonimiasis,Paragonimus kellicotti,0,0,0,1
Mephitis mephitis,Powassan,Flavivirus sp.,NA,NA,NA,NA
Mephitis mephitis,Rabies,Lyssavirus Rabies lyssavirus,1,0,0,0
Mephitis mephitis,Salmonellosis,Salmonella enterica,1,1,0,0
Mephitis mephitis,Toxoplasmosis,Toxoplasma gondii,1,1,0,1
Mephitis mephitis,Trypanosomiasis - American,Trypanosoma cruzi,0,0,1,0
Mephitis mephitis,Tularemia,Francisella tularensis,1,1,1,0
Mephitis mephitis,West Nile fever,Flavivirus West Nile virus,0,0,1,0
Nasua narica,Baylisascariasis,Baylisascaris procyonis,0,1,0,1
Nasua narica,Rabies,Lyssavirus Rabies lyssavirus,1,0,0,0
Nasua narica,Trypanosomiasis - American,Trypanosoma cruzi,0,0,1,0
Nasua nasua,Baylisascariasis,Baylisascaris procyonis,0,1,0,1
Nasua nasua,Ilheus and Bussuquara,Flavivirus Ilheus virus,0,0,1,0
Nasua nasua,Leishmaniasis - cutaneous,Leishmania panamensis,NA,NA,NA,NA
Nasua nasua,Leptospirosis,Leptospira borgpetersenii Javanica,1,0,0,0
Nasua nasua,Mayaro,Alphavirus Mayaro virus,0,0,1,0
Nasua nasua,Oropouche,Oropouche virus,NA,NA,NA,NA
Nasua nasua,Paragonimiasis,Paragonimus ecuadoriensis,NA,NA,NA,NA
Nasua nasua,Rabies,Lyssavirus Rabies lyssavirus,1,0,0,0
Nasua nasua,Trypanosomiasis - American,Trypanosoma cruzi,0,0,1,0
Nasua nasua,Tuberculosis,Mycobacterium bovis,1,1,0,0
Nasua nasua,Vaccinia and cowpox,Orthopoxvirus sp.,NA,NA,NA,NA
Neofelis nebulosa,Toxoplasmosis,Toxoplasma gondii,1,1,0,1
Neophoca cinerea,Giardiasis,Giardia duodenalis,1,1,0,0
Neovison vison,Echinococcosis - unilocular,Echinococcus sp.,NA,NA,NA,NA
Neovison vison,Influenza,Influenzavirus A Influenza A virus,1,0,0,0
Neovison vison,Microsporidiosis,Enterocytozoon bieneusi,NA,NA,NA,NA
Neovison vison,Toxocariasis,Toxocara canis,1,0,0,0
Neovison vison,Toxoplasmosis,Toxoplasma gondii,1,1,0,1
Nyctereutes procyonoides,Microsporidiosis,Enterocytozoon bieneusi,NA,NA,NA,NA
Nyctereutes procyonoides,Paragonimiasis,Paragonimus westermani,0,0,0,1
Nyctereutes procyonoides,Rabies,Lyssavirus Rabies lyssavirus,1,0,0,0
Nyctereutes procyonoides,SARS,Alphacoronavirus Alphacoronavirus 1,0,1,0,0
Nyctereutes procyonoides,Sarcocystosis,Sarcocystis sp.,NA,NA,NA,NA
Nyctereutes procyonoides,Scabies,Sarcoptes scabiei,1,1,0,0
Nyctereutes procyonoides,Taeniasis,Taenia polyacantha,0,1,0,1
Nyctereutes procyonoides,Toxocariasis,Toxocara canis,1,0,0,0
Nyctereutes procyonoides,Toxoplasmosis,Toxoplasma gondii,1,1,0,1
Nyctereutes procyonoides,Trichinosis,"Trichinella spiralis, Trichinella nativa, Trichinella pseudospiralis, Trichinella britovi",0,1,0,0
Nyctereutes procyonoides,Tularemia,Francisella tularensis,1,1,1,0
Nyctereutes procyonoides,Anaplasmosis,Anaplasma phagocytophilum,0,0,1,0
Nyctereutes procyonoides,Bartonellosis - cat borne,Bartonella henselae,0,0,1,0
Nyctereutes procyonoides,Bartonellosis - other systemic,Bartonella rochalimae,0,0,1,0
Nyctereutes procyonoides,Capillariasis - extraintestinal,Capillaria aerophila,0,1,0,1
Nyctereutes procyonoides,Cryptosporidiosis,Cryptosporidium canis,NA,NA,NA,NA
Nyctereutes procyonoides,Dipylidiasis,Dipylidium caninum,0,0,0,1
Nyctereutes procyonoides,Dirofilariasis,Dirofilaria immitis,0,0,1,0
Nyctereutes procyonoides,Echinococcosis - multilocular,Echinococcus multilocularis,0,0,0,1
Nyctereutes procyonoides,Leishmaniasis - visceral,Leishmania infantum,1,0,1,1
Nyctereutes procyonoides,Lyme disease,"Borrelia garinii, Borrelia afzelii, Borrelia valaisiana",0,0,1,0
Odobenus rosmarus,Brucellosis,Brucella spp.,NA,NA,NA,NA
Odobenus rosmarus,Coccidioidomycosis,Coccidioides immitis,0,1,0,0
Odobenus rosmarus,Trichinosis,Trichinella spiralis,0,1,0,0
Otaria bryonia,Salmonellosis,Salmonella enterica,1,1,0,0
Otocyon megalotis,Rabies,Lyssavirus Rabies lyssavirus,1,0,0,0
Phoca largha,Dirofilariasis,Dirofilaria immitis,0,0,1,0
Phoca largha,Japanese encephalitis,Flavivirus Japanese encephalitis virus,0,0,1,0
Phoca largha,Toxoplasmosis,Toxoplasma gondii,1,1,0,1
Phoca vitulina,Bunyaviridae infections - misc.,Orthobunyavirus Bunyamwera orthobunyavirus (Batai virus),0,0,1,0
Phoca vitulina,Coccidioidomycosis,Coccidioides sp.,NA,NA,NA,NA
Phoca vitulina,Cryptococcosis,Cryptococcus gattii,NA,NA,NA,NA
Phoca vitulina,Cryptosporidiosis,Cryptosporidium sp.,NA,NA,NA,NA
Phoca vitulina,Dioctophyma renale infection,Dioctophyma renale,0,0,0,1
Phoca vitulina,Eastern equine encephalitis,Alphavirus Eastern equine encephalitis virus,0,0,1,0
Phoca vitulina,Giardiasis,Giardia duodenalis,1,1,0,0
Phoca vitulina,Leptospirosis,Leptospira interrogans,1,1,0,0
Phoca vitulina,Q-fever,Coxiella burnetii,1,1,1,0
Phoca vitulina,Toxoplasmosis,Toxoplasma gondii,1,1,0,1
Procyon pygmaeus,Toxoplasmosis,Toxoplasma gondii,1,1,0,1
Procyon pygmaeus,Tularemia,Francisella tularensis,1,1,1,0
Potos flavus,Baylisascariasis,Baylisascaris procyonis,0,1,0,1
Potos flavus,Blastomycosis,Blastomyces dermatitidis,1,1,0,0
Potos flavus,Leishmaniasis - cutaneous,Leishmania amazonensis,NA,NA,NA,NA
Potos flavus,Mayaro,Alphavirus Mayaro virus,0,0,1,0
Potos flavus,Rabies,Lyssavirus Rabies lyssavirus,1,0,0,0
Potos flavus,Trypanosomiasis - American,Trypanosoma cruzi,0,0,1,0
Prionailurus bengalensis,Bartonellosis - cat borne,Bartonella henselae,0,0,1,0
Prionailurus bengalensis,Clonorchiasis,Clonorchis sinensis,NA,NA,NA,NA
Prionailurus bengalensis,Paragonimiasis,Paragonimus westermani,0,0,0,1
Prionailurus bengalensis,Bartonellosis - cat borne,Bartonella henselae,0,0,1,0
Prionailurus viverrinus,Toxoplasmosis,Toxoplasma gondii,1,1,0,1
Procyon lotor,Ehrlichiosis - human monocytic,Ehrlichia chaffeensis,0,0,1,0
Procyon lotor,Histoplasmosis,Histoplasma capsulatum,0,1,0,0
Procyon lotor,Influenza,Influenzavirus A Influenza A virus,1,0,0,0
Procyon lotor,Japanese spotted fever,Rickettsia japonica,NA,NA,NA,NA
Procyon lotor,Leptospirosis,Leptospira interrogans,1,1,0,0
Procyon lotor,Lyme disease,"Borrelia afzelii, Borrelia garinii",0,0,1,0
Procyon lotor,Metagonimiasis,Metagonimus yokogawai,0,0,0,1
Procyon lotor,Plesiomonas infection,Plesiomonas shigelloides,0,1,0,0
Procyon lotor,Powassan,Flavivirus sp.,NA,NA,NA,NA
Procyon lotor,Q-fever,Coxiella burnetii,1,1,1,0
Procyon lotor,Rabies,Lyssavirus Rabies lyssavirus,1,0,0,0
Procyon lotor,Rickettsia felis infection,Rickettsia felis,NA,NA,NA,NA
Procyon lotor,Salmonellosis,Salmonella enterica,1,1,0,0
Procyon lotor,Spotted fevers - Old World,Rickettsia helvetica,NA,NA,NA,NA
Procyon lotor,Thogoto group,Bourbon virus,NA,NA,NA,NA
Procyon lotor,Toxoplasmosis,Toxoplasma gondii,1,1,0,1
Procyon lotor,Tularemia,Francisella tularensis,1,1,1,0
Procyon lotor,Typhus - scrub,Orientia tsutsugamushi,NA,NA,NA,NA
Procyon lotor,West Nile fever,Flavivirus West Nile virus,0,0,1,0
Procyon lotor,Yersiniosis,Yersinia pseudotuberculosis,1,1,0,0
Procyon lotor,Anaplasmosis,Anaplasma phagocytophilum,0,0,1,0
Procyon lotor,Babesiosis,Babesia microti,0,0,1,0
Procyon lotor,Bartonellosis - other systemic,"Bartonella vinsonii, Borrelia rochalimae",0,1,1,0
Procyon lotor,Baylisascariasis,Baylisascaris procyonis,0,1,0,1
Procyon lotor,California encephalitis group,Orthobunyavirus California encephalitis orthobunyavirus,0,0,1,0
Procyon lotor,Campylobacteriosis,Campylobacter sp.,NA,NA,NA,NA
Procyon lotor,Dirofilariasis,Dirofilaria tenuis,0,0,1,0
Procyon lotor,Trypanosomiasis - American,Trypanosoma cruzi,0,0,1,0
Puma concolor,Anaplasmosis,Anaplasma phagocytophilum,0,0,1,0
Puma concolor,Anthrax,Bacillus anthracis,0,1,0,0
Puma concolor,Bartonellosis - cat borne,Bartonella henselae,0,0,1,0
Puma concolor,Capillariasis - extraintestinal,Capillaria hepatica,0,1,0,1
Puma concolor,Echinococcosis - American polycystic,Echinococcus oligarthrus,0,0,0,1
Puma concolor,Lagochilascariasis,Lagochilascaris minor,NA,NA,NA,NA
Puma concolor,Lyme disease,Borrelia burgdorferi,0,0,1,0
Puma concolor,Plague,Yersinia pestis,1,0,1,0
Puma concolor,Toxocariasis,Toxocara cati,1,0,0,0
Puma concolor,Toxoplasmosis,Toxoplasma gondii,1,1,0,1
Puma concolor,Tularemia,Francisella tularensis,1,1,1,0
Herpailurus yagouaroundi,Echinococcosis - American polycystic,Echinococcus oligarthrus,0,0,0,1
Herpailurus yagouaroundi,Toxoplasmosis,Toxoplasma gondii,1,1,0,1
Pusa hispida,Rabies,Lyssavirus Rabies lyssavirus,1,0,0,0
Speothos venaticus,Bartonellosis - cat borne,"Bartonella clarridgeiae, Bartonella henselae, Bartonella vinsonii, Bartonella rochalimae",0,1,1,0
Speothos venaticus,Bartonellosis - other systemic,"Bartonella clarridgeiae, Bartonella vinsonii, Bartonella henselae, Bartonella rochalimae",0,1,1,0
Speothos venaticus,Echinococcosis - American polycystic,Echinococcus vogeli,NA,NA,NA,NA
Speothos venaticus,Lagochilascariasis,Lagochilascaris minor,NA,NA,NA,NA
Speothos venaticus,Leishmaniasis - visceral,Leishmania infantum,1,0,1,1
Acinonyx jubatus,Anthrax,Bacillus anthracis,0,1,0,0
Acinonyx jubatus,Bartonellosis - cat borne,Bartonella koehlerae,NA,NA,NA,NA
Acinonyx jubatus,Toxoplasmosis,Toxoplasma gondii,1,1,0,1
Acinonyx jubatus,Vaccinia and cowpox,Cowpox virus,NA,NA,NA,NA
Arctictis binturong,Influenza,Influenzavirus A Influenza A virus,1,0,0,0
Arctictis binturong,Plesiomonas infection,Plesiomonas shigelloides,0,1,0,0
Arctocephalus australis,Anisakiasis,Contracaecum osculatum,0,1,0,1
Arctocephalus australis,Toxoplasmosis,Toxoplasma gondii,1,1,0,1
Arctocephalus forsteri,Toxoplasmosis,Toxoplasma gondii,1,1,0,1
Arctocephalus gazella,Toxoplasmosis,Toxoplasma gondii,1,1,0,1
Arctocephalus townsendi,Leptospirosis,"Leptospira interrogans Canicola, Leptospira interrogans Icterohaemorrhagiae, Leptospira interrogans Bratislava",1,1,0,0
Taxidea taxus,Influenza,Influenzavirus A Influenza A virus,1,0,0,0
Taxidea taxus,Toxoplasmosis,Toxoplasma gondii,1,1,0,1
Panthera uncia,Toxoplasmosis,Toxoplasma gondii,1,1,0,1
Urocyon cinereoargenteus,Anaplasmosis,Anaplasma phagocytophilum,0,0,1,0
Urocyon cinereoargenteus,Bartonellosis - cat borne,Bartonella vinsonii,0,1,1,0
Urocyon cinereoargenteus,Bartonellosis - other systemic,"Bartonella vinsonii, Bartonella rochalimae",0,1,1,0
Urocyon cinereoargenteus,Dirofilariasis,Dirofilaria immitis,0,0,1,0
Urocyon cinereoargenteus,Rabies,Lyssavirus Rabies lyssavirus,1,0,0,0
Urocyon cinereoargenteus,Trypanosomiasis - American,Trypanosoma cruzi,0,0,1,0
Urocyon cinereoargenteus,West Nile fever,Flavivirus West Nile virus,0,0,1,0
Urocyon littoralis,Bartonellosis - cat borne,Bartonella vinsonii,0,1,1,0
Urocyon littoralis,Bartonellosis - other systemic,Bartonella clarridgeiae,0,1,1,0
Urocyon littoralis,Toxoplasmosis,Toxoplasma gondii,1,1,0,1
Ursus americanus,Anaplasmosis,Anaplasma phagocytophilum,0,0,1,0
Ursus americanus,Babesiosis,Babesia microti,0,0,1,0
Ursus americanus,Baylisascariasis,Baylisascaris procyonis,0,1,0,1
Ursus americanus,Blastomycosis,Blastomyces dermatitidis,1,1,0,0
Ursus americanus,Cysticercosis,Taenia solium,0,1,0,0
Ursus americanus,Dirofilariasis,Dirofilaria ursi,0,0,1,0
Ursus americanus,Eastern equine encephalitis,Alphavirus Eastern equine encephalitis virus,0,0,1,0
Ursus americanus,Ehrlichiosis - human monocytic,Ehrlichia chaffeensis,0,0,1,0
Ursus americanus,Leptospirosis,Leptospira grippotyphosa,1,1,0,0
Ursus americanus,Listeriosis,Listeria monocytogenes,1,1,0,0
Ursus americanus,Plague,Yersinia pestis,1,0,1,0
Ursus americanus,Q-fever,Coxiella burnetii,1,1,1,0
Ursus americanus,Toxoplasmosis,Toxoplasma gondii,1,1,0,1
Ursus americanus,Trichinosis,Trichinella spiralis,0,1,0,0
Ursus americanus,Tularemia,Francisella tularensis,1,1,1,0
Ursus americanus,West Nile fever,Flavivirus West Nile virus,0,0,1,0
Ursus arctos,Trichinosis,Trichinella sp. T9,NA,NA,NA,NA
Ursus arctos,West Nile fever,Flavivirus West Nile virus,0,0,1,0
Ursus arctos,Anaplasmosis,Anaplasma phagocytophilum,0,0,1,0
Ursus arctos,Baylisascariasis,Baylisascaris procyonis,0,1,0,1
Ursus arctos,Brucellosis,Brucella suis,NA,NA,NA,NA
Ursus arctos,Bunyaviridae infections - misc.,Phlebovirus Bhanja virus,0,0,1,0
Ursus arctos,California encephalitis group,Orthobunyavirus California encephalitis orthobunyavirus,0,0,1,0
Ursus arctos,Cryptosporidiosis,Cryptosporidium sp.,NA,NA,NA,NA
Ursus arctos,Histoplasmosis,Histoplasma capsulatum,0,1,0,0
Ursus arctos,Leptospirosis,"Leptospira interrogans Canicola, Leptospira interrogans Icterohaemorrhagiae, Leptospira interrogans Grippotyphosa",1,1,0,0
Ursus arctos,Ornithosis,Chlamydia psittaci,1,1,1,0
Ursus arctos,Phleboviruses - Old World,Phlebovirus Sandfly fever Naples phlebovirus,0,0,1,0
Ursus arctos,Q-fever,Coxiella burnetii,1,1,1,0
Ursus arctos,Toxoplasmosis,Toxoplasma gondii,1,1,0,1
Ursus arctos,Tularemia,Francisella tularensis,1,1,1,0
Ursus maritimus,Clostridioides difficile colitis,Clostridioides difficile,0,1,0,0
Ursus maritimus,Toxoplasmosis,Toxoplasma gondii,1,1,0,1
Ursus maritimus,Trichinosis,Trichinella sp.,NA,NA,NA,NA
Ursus thibetanus,Cryptosporidiosis,Cryptosporidium andersoni,NA,NA,NA,NA
Ursus thibetanus,Microsporidiosis,Enterocytozoon bieneusi,NA,NA,NA,NA
Ursus thibetanus,Tularemia,Francisella tularensis,1,1,1,0
Viverra tangalunga,Filariasis - Brugia malayi,Brugia malayi,0,0,1,0
Vormela peregusna,Lyme disease,Borrelia burgdorferi,0,0,1,0
Vulpes cana,Toxoplasmosis,Toxoplasma gondii,1,1,0,1
Vulpes corsac,Leishmaniasis - visceral,Leishmania infantum,1,0,1,1
Vulpes corsac,Trichinosis,Trichinella pseudospiralis,0,1,0,0
Vulpes ferrilata,Echinococcosis - multilocular,Echinococcus multilocularis,0,0,0,1
Vulpes lagopus,Cryptosporidiosis,Cryptosporidium canis,NA,NA,NA,NA
Vulpes lagopus,Echinococcosis - multilocular,Echinococcus multilocularis,0,0,0,1
Vulpes lagopus,Microsporidiosis,Enterocytozoon bieneusi,NA,NA,NA,NA
Vulpes lagopus,Rabies,Lyssavirus Rabies lyssavirus,1,0,0,0
Vulpes lagopus,Toxoplasmosis,Toxoplasma gondii,1,1,0,1
Vulpes lagopus,Trichinosis,Trichinella sp.,NA,NA,NA,NA
Vulpes vulpes,Anaplasmosis,Anaplasma phagocytophilum,0,0,1,0
Vulpes vulpes,Babesiosis,Babesia microti,0,0,1,0
Vulpes vulpes,Bartonellosis - cat borne,Bartonella clarridgeiae,0,1,1,0
Vulpes vulpes,Bartonellosis - other systemic,"Bartonella vinsonii, Bartonella rochalimae",0,1,1,0
Vulpes vulpes,California encephalitis group,Orthobunyavirus California encephalitis orthobunyavirus,0,0,1,0
Vulpes vulpes,Capillariasis - extraintestinal,Capillaria aerophila,0,1,0,1
Vulpes vulpes,Coenurosis,Taenia multiceps,0,1,0,1
Vulpes vulpes,Cryptosporidiosis,Cryptosporidium sp.,NA,NA,NA,NA
Vulpes vulpes,Dioctophyma renale infection,Dioctophyma renale,0,0,0,1
Vulpes vulpes,Diphtheria,Corynebacterium diphtheriae,1,0,0,0
Vulpes vulpes,Diphyllobothriasis,Diphyllobothrium latum,0,0,0,1
Vulpes vulpes,Dipylidiasis,Dipylidium caninum,0,0,0,1
Vulpes vulpes,Dirofilariasis,Dirofilaria repens,0,0,1,0
Vulpes vulpes,Echinococcosis - multilocular,Echinococcus multilocularis,0,0,0,1
Vulpes vulpes,Echinococcosis - unilocular,Echinococcus granulosus,0,1,0,1
Vulpes vulpes,Ehrlichiosis - human monocytic,Ehrlichia canis,0,0,1,0
Vulpes vulpes,Giardiasis,Giardia duodenalis,1,1,0,0
Vulpes vulpes,Hantaviruses - Old World,Puumala orthohantavirus,NA,NA,NA,NA
Vulpes vulpes,Hymenolepis diminuta infection,Hymenolepis diminuta,0,0,0,1
Vulpes vulpes,Hymenolepis nana infection,Hymenolepis nana,0,0,0,1
Vulpes vulpes,Influenza,Influenzavirus A Influenza A virus,1,0,0,0
Vulpes vulpes,Leishmaniasis - cutaneous,Leishmania major,NA,NA,NA,NA
Vulpes vulpes,Leishmaniasis - visceral,Leishmania infantum,1,0,1,1
Vulpes vulpes,Leptospirosis,Leptospira interrogans,1,1,0,0
Vulpes vulpes,Lyme disease,Borrelia burgdorferi,0,0,1,0
Vulpes vulpes,Lymphocytic choriomeningitis,Mammarenavirus Lymphocytic choriomeningitis mammarenavirus,1,1,0,0
Vulpes vulpes,Metagonimiasis,Metagonimus yokogawai,0,0,0,1
Vulpes vulpes,Opisthorchiasis,Opisthorchis felineus,0,0,0,1
Vulpes vulpes,Paragonimiasis,Paragonimus kellicotti,0,0,0,1
Vulpes vulpes,Powassan,Flavivirus sp.,NA,NA,NA,NA
Vulpes vulpes,Q-fever,Coxiella burnetii,1,1,1,0
Vulpes vulpes,Rabies,Lyssavirus Rabies lyssavirus,1,0,0,0
Vulpes vulpes,Rickettsia felis infection,Rickettsia felis,NA,NA,NA,NA
Vulpes vulpes,Sarcocystosis,Sarcocystis sp.,NA,NA,NA,NA
Vulpes vulpes,Spotted fevers - Old World,"Rickettsia massiliae, Rickettsia helvetica",NA,NA,NA,NA
Vulpes vulpes,Taeniasis,"Taenia pisiformis, Taenia serialis, Taenia taeniformis",0,1,0,1
Vulpes vulpes,Thelaziasis,Thelazia callipaeda,0,0,1,0
Vulpes vulpes,Tick-borne encephalitis,Flavivirus Tick-borne encephalitis virus,0,0,1,0
Vulpes vulpes,Toxocariasis,Toxocara canis,1,0,0,0
Vulpes vulpes,Toxoplasmosis,Toxoplasma gondii,1,1,0,1
Vulpes vulpes,Trichinosis,"Trichinella spiralis, Trichinella pseudospiralis, Trichinella britovi",0,1,0,0
Vulpes vulpes,Tuberculosis,Mycobacterium bovis,1,1,0,0
Vulpes vulpes,Tularemia,Francisella tularensis,1,1,1,0
Vulpes vulpes,West Nile fever,Flavivirus West Nile virus,0,0,1,0
Vulpes vulpes,Acanthocephalan infections,Moniliformis moniliformis,0,0,0,1
Zalophus californianus,Coccidioidomycosis,Coccidioides immitis,0,1,0,0
Zalophus californianus,Cryptosporidiosis,Cryptosporidium sp.,NA,NA,NA,NA
Zalophus californianus,Dirofilariasis,Dirofilaria immitis,0,0,1,0
Zalophus californianus,Giardiasis,Giardia intestinalis,1,1,0,0
Zalophus californianus,Leptospirosis,Leptospira interrogans,1,1,0,0
Zalophus californianus,Toxoplasmosis,Toxoplasma gondii,1,1,0,1
Crocuta crocuta,Dipylidiasis,Dipylidium caninum,0,0,0,1
Crocuta crocuta,Echinococcosis - unilocular,Echinococcus sp.,NA,NA,NA,NA
Crocuta crocuta,Rabies,Lyssavirus Rabies lyssavirus,1,0,0,0
Crocuta crocuta,Trypanosomiasis - African,Trypanosoma brucei rhodesiense,1,0,1,0
Crossarchus obscurus,Paragonimiasis,Paragonimus sp.,NA,NA,NA,NA
Cryptoprocta ferox,Toxoplasmosis,Toxoplasma gondii,1,1,0,1
Martes americana,Dioctophyma renale infection,Dioctophyma renale,0,0,0,1
Martes foina,Dirofilariasis,Dirofilaria repens,0,0,1,0
Martes foina,Rabies,Lyssavirus Rabies lyssavirus,1,0,0,0
Martes foina,Thelaziasis,Thelazia callipaeda,0,0,1,0
Martes foina,Toxoplasmosis,Toxoplasma gondii,1,1,0,1
Martes foina,Trichinosis,Trichinella britovi,0,1,0,0
Martes foina,Tularemia,Francisella tularensis,1,1,1,0
Martes martes,Dioctophyma renale infection,Dioctophyma renale,0,0,0,1
Martes martes,Leishmaniasis - visceral,Leishmania infantum,1,0,1,1
Martes martes,Microsporidiosis,Encephalitozoon cuniculi,NA,NA,NA,NA
Martes martes,Rabies,Lyssavirus Rabies lyssavirus,1,0,0,0
Martes martes,Toxoplasmosis,Toxoplasma gondii,1,1,0,1
Martes melampus,Japanese spotted fever,Haemaphysalis hystricis,0,1,0,0
Martes melampus,Sarcocystosis,Sarcocystis sp.,NA,NA,NA,NA
Martes pennanti,Sarcocystosis,Sarcocystis sp.,NA,NA,NA,NA
Martes pennanti,Toxoplasmosis,Toxoplasma gondii,1,1,0,1
Nandinia binotata,Trypanosomiasis - African,Trypanosoma brucei,1,0,1,0
Mustela altaica,Toxoplasmosis,Toxoplasma gondii,1,1,0,1
Mustela erminea,Cryptosporidiosis,Cryptosporidium sp.,NA,NA,NA,NA
Mustela erminea,Trichinosis,"Trichinella spiralis, Trichinella britovi",0,1,0,0
Mustela itatsi,Gnathostomiasis,Gnathostoma nipponicum,NA,NA,NA,NA
Mustela lutreola,Leptospirosis,Leptospira icterohaemorrhagiae,1,1,0,0
Mustela lutreola,Lyme disease,Borrelia burgdorferi,0,0,1,0
Mustela nigripes,Microsporidiosis,Encephalitozoon cuniculi,NA,NA,NA,NA
Mustela nivalis,Leishmaniasis - cutaneous,Leishmania major,NA,NA,NA,NA
Mustela putorius,Anaplasmosis,Anaplasma phagocytophilum,0,0,1,0
Mustela putorius,Cryptococcosis,Cryptococcus gattii,NA,NA,NA,NA
Mustela putorius,Dirofilariasis,Dirofilaria immitis,0,0,1,0
Mustela putorius,Ehrlichiosis - human monocytic,Candidatus Neoehrlichia mikurensis,NA,NA,NA,NA
Mustela putorius,Leishmaniasis - visceral,Leishmania infantum,1,0,1,1
Mustela putorius,Leptospirosis,Leptospira interrogans,1,1,0,0
Mustela putorius,Rabies,Lyssavirus Rabies lyssavirus,1,0,0,0
Mustela putorius,Toxoplasmosis,Toxoplasma gondii,1,1,0,1
Mustela sibirica,Gnathostomiasis,Gnathostoma nipponicum,NA,NA,NA,NA
Paguma larvata,Campylobacteriosis,Campylobacter sp.,NA,NA,NA,NA
Paguma larvata,Cryptosporidiosis,Cryptosporidium sp.,NA,NA,NA,NA
Paguma larvata,Giardiasis,Giardia duodenalis,1,1,0,0
Paguma larvata,Microsporidiosis,Enterocytozoon bieneusi,NA,NA,NA,NA
Paguma larvata,Rabies,Lyssavirus Rabies lyssavirus,1,0,0,0
Paguma larvata,SARS,Alphacoronavirus Alphacoronavirus 1,0,1,0,0
Paguma larvata,Salmonellosis,Salmonella enterica,1,1,0,0
Paguma larvata,Toxoplasmosis,Toxoplasma gondii,1,1,0,1
Paguma larvata,Yersiniosis,Yersinia pseudotuberculosis,1,1,0,0
Panthera leo,Anaplasmosis,Anaplasma phagocytophilum,0,0,1,0
Panthera leo,Anthrax,Bacillus anthracis,0,1,0,0
Panthera leo,Bartonellosis - cat borne,Bartonella henselae,0,0,1,0
Panthera leo,Echinococcosis - unilocular,Echinococcus granulosus,0,1,0,1
Panthera leo,Gnathostomiasis,Gnathostoma spinigerum,0,0,0,1
Panthera leo,Leishmaniasis - visceral,Leishmania infantum,1,0,1,1
Panthera leo,Pentastomiasis - Armillifer,Armillifer armillatus,0,1,0,1
Panthera leo,Pentastomiasis - Linguatula,Linguatula serrata,0,0,0,1
Panthera leo,Rabies,Lyssavirus Rabies lyssavirus,1,0,0,0
Panthera leo,Toxocariasis,Toxocara cati,1,0,0,0
Panthera leo,Toxoplasmosis,Toxoplasma gondii,1,1,0,1
Panthera leo,Trypanosomiasis - African,Trypanosoma brucei gambiense,1,0,1,0
Panthera leo,Tuberculosis,Mycobacterium tuberculosis,1,1,0,0
Panthera onca,Echinococcosis - American polycystic,Echinococcus oligarthrus,0,0,0,1
Panthera onca,Leptospirosis,Leptospira interrogans Canicola,1,1,0,0
Panthera onca,Q-fever,Coxiella burnetii,1,1,1,0
Panthera onca,Spotted fevers - New World,Rickettsia parkeri,NA,NA,NA,NA
Panthera onca,Toxocariasis,Toxocara cati,1,0,0,0
Panthera onca,Toxoplasmosis,Toxoplasma gondii,1,1,0,1
Panthera onca,Tungiasis,Tunga penetrans,0,1,0,0
Panthera pardus,Dirofilariasis,Dirofilaria immitis,0,0,1,0
Panthera pardus,Influenza,Influenzavirus A Influenza A virus,1,0,0,0
Panthera pardus,Pentastomiasis - Armillifer,Armillifer armillatus,0,1,0,1
Panthera pardus,Pentastomiasis - Linguatula,Linguatula serrata,0,0,0,1
Panthera pardus,Toxocariasis,Toxocara cati,1,0,0,0
Panthera pardus,Toxoplasmosis,Toxoplasma gondii,1,1,0,1
Panthera tigris,Bartonellosis - cat borne,Bartonella henselae,0,0,1,0
Panthera tigris,Histoplasmosis,Histoplasma capsulatum,0,1,0,0
Panthera tigris,Influenza,Influenzavirus A Influenza A virus,1,0,0,0
Panthera tigris,Paragonimiasis,Paragonimus westermani,0,0,0,1
Panthera tigris,Toxocariasis,Toxocara cati,1,0,0,0
Panthera tigris,Toxoplasmosis,Toxoplasma gondii,1,1,0,1
Paradoxurus zeylonensis,Rabies,Lyssavirus Rabies lyssavirus,1,0,0,0
Ailuropoda melanoleuca,Cryptosporidiosis,Cryptosporidium sp.,NA,NA,NA,NA
Ailuropoda melanoleuca,Microsporidiosis,Enterocytozoon bieneusi,NA,NA,NA,NA
Ailuropoda melanoleuca,Toxoplasmosis,Toxoplasma gondii,1,1,0,1
Ailurus fulgens,Amoebiasis,Entamoeba histolytica,1,1,0,0
Ailurus fulgens,Ascariasis,Ascaris lumbricoides,1,1,0,0
Ailurus fulgens,Cryptosporidiosis,Cryptosporidium parvum,1,1,0,0
Ailurus fulgens,Cyclosporiasis,Cyclospora cayatenensis,1,1,0,0
Ailurus fulgens,Diphyllobothriasis,Diphyllobothrium latum,0,0,0,1
Ailurus fulgens,Hookworm,Ancylostoma duodenale,0,1,0,0
Ailurus fulgens,Strongyloidiasis,Strongyloides stercoralis,1,1,0,0
Ailurus fulgens,Toxoplasmosis,Toxoplasma gondii,1,1,0,1
Suricata suricatta,Melioidosis,Burkholderia pseudomallei,NA,NA,NA,NA
Suricata suricatta,Toxoplasmosis,Toxoplasma gondii,1,1,0,1
Suricata suricatta,Tuberculosis,Mycobacterium tuberculosis,1,1,0,0
Melogale moschata,Rabies,Lyssavirus Rabies lyssavirus,1,0,0,0
Mustela putorius,Cryptococcosis,Cryptococcus gattii,NA,NA,NA,NA
Mustela putorius,Dirofilariasis,Dirofilaria immitis,0,0,1,0
Mustela putorius,Influenza,Influenzavirus A Influenza A virus,1,0,0,0
Mustela putorius,Rabies,Lyssavirus Rabies lyssavirus,1,0,0,0
Neovison vison,Cryptosporidiosis,"Cryptosporidium canis, Cryptosporidium meleagridis, Cryptosporidium parvum",1,1,0,0
Neovison vison,Dioctophyma renale infection,Dioctophyma renale,0,0,0,1
Neovison vison,Leptospirosis,Leptospira icterohaemorrhagiae,1,1,0,0
Neovison vison,Paragonimiasis,Paragonimus kellicotti,0,0,0,1
Neovison vison,Toxoplasmosis,Toxoplasma gondii,1,1,0,1
Canis lupus,Anthrax,Bacillus anthracis,0,1,0,0
Canis lupus,Diphyllobothriasis,Diphyllobothrium latum,0,0,0,1
Canis lupus,Influenza,Influenzavirus A Influenza A virus,1,0,0,0
Canis lupus,Rabies,Lyssavirus Rabies lyssavirus,1,0,0,0
Canis lupus,Toxoplasmosis,Toxoplasma gondii,1,1,0,1
Canis lupus,Yersiniosis,Yersinia enterocolitica,1,1,0,0
Nyctereutes procyonoides,Dirofilariasis,Dirofilaria immitis,0,0,1,0
Nyctereutes procyonoides,Paragonimiasis,Paragonimus westermani,0,0,0,1
Herpailurus yagouaroundi,Vaccinia and cowpox,Cowpox virus,NA,NA,NA,NA
Otocolobus manul,Toxoplasmosis,Toxoplasma gondii,1,1,0,1
Felis catus,Paragonimiasis,Paragonimus kellicotti,0,0,0,1
