yearMonth,species,taxonomicOrder,monthlyCases
"""2007-1""","""Oncorhynchus mykiss""","""Salmoniformes""",1014000
"""2008-1""","""Bos taurus""","""Artiodactyla""",338
"""2011-3""","""Bos taurus""","""Artiodactyla""",2366
"""2012-12""","""Bos taurus""","""Artiodactyla""",507
"""2012-4""","""Bos taurus""","""Artiodactyla""",1521
"""2012-8""","""Bos taurus""","""Artiodactyla""",3042
"""2013-1""","""Chroicocephalus ridibundus""","""Charadriiformes""",169
"""2013-10""","""Bos taurus""","""Artiodactyla""",338
"""2013-2""","""Bos taurus""","""Artiodactyla""",507
"""2013-4""","""Corvus splendens""","""Passeriformes""",1183
"""2013-7""","""Corvus splendens""","""Passeriformes""",845
"""2020-10""","""Mareca penelope""","""Anseriformes""",6084
"""2020-10""","""Anser anser""","""Anseriformes""",1521
"""2020-11""","""Anas crecca""","""Anseriformes""",1521
"""2020-11""","""Cygnus olor""","""Anseriformes""",1352
"""2020-11""","""Mareca penelope""","""Anseriformes""",676
"""2020-12""","""Cygnus olor""","""Anseriformes""",12506
"""2020-12""","""Branta canadensis""","""Anseriformes""",4225
"""2020-12""","""Mareca penelope""","""Anseriformes""",2028
"""2020-12""","""Anas crecca""","""Anseriformes""",845
"""2020-12""","""Anser anser""","""Anseriformes""",338
"""2020-2""","""Tyto longimembris""","""Strigiformes""",1352
"""2020-2""","""Corvus splendens""","""Passeriformes""",845
"""2020-3""","""Corvus splendens""","""Passeriformes""",66586
"""2020-3""","""Harpactes erythrocephalus""","""Trogoniformes""",2366
"""2021-1""","""Cygnus olor""","""Anseriformes""",15041
"""2021-1""","""Anser indicus""","""Anseriformes""",169
"""2021-10""","""Phalacrocorax capensis""","""Pelecaniformes""",37835889
"""2021-10""","""Spheniscus demersus""","""Sphenisciformes""",874575
"""2021-10""","""Morus capensis""","""Pelecaniformes""",50700
"""2021-10""","""Phalacrocorax lucidus""","""Pelecaniformes""",7943
"""2021-10""","""Alopochen aegyptiaca""","""Anseriformes""",4225
"""2021-10""","""Phasianus colchicus""","""Galliformes""",3380
"""2021-10""","""Accipiter gentilis""","""Accipitriformes""",3042
"""2021-10""","""Haliaeetus albicilla""","""Accipitriformes""",2873
"""2021-10""","""Strix uralensis""","""Strigiformes""",1014
"""2021-11""","""Phalacrocorax capensis""","""Pelecaniformes""",6565143
"""2021-11""","""Sterna hirundo""","""Charadriiformes""",3718
"""2021-11""","""Accipiter gentilis""","""Accipitriformes""",1014
"""2021-11""","""Anser albifrons""","""Anseriformes""",845
"""2021-11""","""Cygnus olor""","""Anseriformes""",845
"""2021-11""","""Larus marinus""","""Charadriiformes""",845
"""2021-11""","""Larus argentatus""","""Charadriiformes""",676
"""2021-12""","""Phalacrocorax capensis""","""Pelecaniformes""",111371
"""2021-12""","""Sterna hirundo""","""Charadriiformes""",6760
"""2021-12""","""Phalacrocorax lucidus""","""Pelecaniformes""",3211
"""2021-12""","""Accipiter gentilis""","""Accipitriformes""",507
"""2021-2""","""Branta leucopsis""","""Anseriformes""",845
"""2021-3""","""Milvus milvus""","""Accipitriformes""",3549
"""2021-3""","""Branta leucopsis""","""Anseriformes""",3042
"""2021-3""","""Anser sp.""","""Anseriformes""",1859
"""2021-3""","""Larus fuscus graellsii""","""Charadriiformes""",845
"""2021-3""","""Uria aalge""","""Charadriiformes""",676
"""2021-4""","""Corvus frugilegus""","""Passeriformes""",10140
"""2021-4""","""Branta leucopsis""","""Anseriformes""",5577
"""2021-4""","""Haliaeetus albicilla""","""Accipitriformes""",507
"""2021-4""","""Ciconia ciconia""","""Ciconiiformes""",169
"""2021-5""","""Phalacrocorax capensis""","""Pelecaniformes""",802074
"""2021-5""","""Spheniscus demersus""","""Sphenisciformes""",637468
"""2021-5""","""Laridae""","""Charadriiformes""",76388
"""2021-5""","""Threskiornis aethiopicus""","""Pelecaniformes""",74698
"""2021-5""","""Branta leucopsis""","""Anseriformes""",54249
"""2021-5""","""Alopochen aegyptiaca""","""Anseriformes""",29744
"""2021-5""","""Haliaeetus albicilla""","""Accipitriformes""",18421
"""2021-5""","""Larus dominicanus""","""Charadriiformes""",12844
"""2021-5""","""Ara ararauna""","""Psittaciformes""",7098
"""2021-5""","""Tyto alba""","""Strigiformes""",7098
"""2021-5""","""Plectropterus gambensis""","""Anseriformes""",7098
"""2021-5""","""Pterodroma macroptera""","""Procellariiformes""",6422
"""2021-5""","""Haematopus bachmani""","""Charadriiformes""",6422
"""2021-5""","""Chroicocephalus cirrocephalus""","""Charadriiformes""",6422
"""2021-5""","""Sterna hirundo""","""Charadriiformes""",1014
"""2021-5""","""Circus aeruginosus""","""Accipitriformes""",507
"""2021-5""","""Larus argentatus""","""Charadriiformes""",169
"""2021-6""","""Larus dominicanus""","""Charadriiformes""",110188
"""2021-6""","""Phalacrocorax capensis""","""Pelecaniformes""",76895
"""2021-6""","""Pelecanus crispus""","""Pelecaniformes""",52728
"""2021-6""","""Cygnus atratus""","""Anseriformes""",41574
"""2021-6""","""Laridae""","""Charadriiformes""",35490
"""2021-6""","""Threskiornis aethiopicus""","""Pelecaniformes""",25688
"""2021-6""","""Larus argentatus""","""Charadriiformes""",6760
"""2021-6""","""Anas platyrhynchos""","""Anseriformes""",6253
"""2021-6""","""Grus paradisea""","""Gruiformes""",6084
"""2021-6""","""Thalasseus sandvicensis""","""Charadriiformes""",6084
"""2021-6""","""Stercorarius lonnbergi""","""Charadriiformes""",5915
"""2021-6""","""Phalacrocorax carbo""","""Pelecaniformes""",4563
"""2021-6""","""Branta leucopsis""","""Anseriformes""",4225
"""2021-6""","""Haliaeetus albicilla""","""Accipitriformes""",4056
"""2021-6""","""Cygnus olor""","""Anseriformes""",169
"""2021-7""","""Larus argentatus""","""Charadriiformes""",6591
"""2021-7""","""Stercorarius skua""","""Charadriiformes""",2873
"""2021-7""","""Pelecanus crispus""","""Pelecaniformes""",1183
"""2021-8""","""Cygnus olor""","""Anseriformes""",8788
"""2021-8""","""Bostrychia hagedash""","""Pelecaniformes""",5408
"""2021-8""","""Mergus merganser""","""Anseriformes""",3042
"""2021-8""","""Accipiter gentilis""","""Accipitriformes""",3042
"""2021-8""","""Larus canus""","""Charadriiformes""",2873
"""2021-8""","""Bubo bubo""","""Strigiformes""",2704
"""2021-8""","""Larus argentatus""","""Charadriiformes""",2535
"""2021-8""","""Phalacrocorax carbo""","""Pelecaniformes""",1014
"""2021-9""","""Phalacrocorax capensis""","""Pelecaniformes""",12986129
"""2021-9""","""Phasianus colchicus""","""Galliformes""",45123
"""2021-9""","""Phalacrocorax lucidus""","""Pelecaniformes""",16224
"""2021-9""","""Spheniscus demersus""","""Sphenisciformes""",8112
"""2021-9""","""Branta leucopsis""","""Anseriformes""",6253
"""2021-9""","""Sterna hirundo""","""Charadriiformes""",4394
"""2022-1""","""Grus monacha""","""Gruiformes""",2197
"""2022-1""","""Anas platyrhynchos""","""Anseriformes""",2028
"""2022-10""","""Chroicocephalus ridibundus""","""Charadriiformes""",262964
"""2022-10""","""Branta canadensis""","""Anseriformes""",207532
"""2022-10""","""Cygnus olor""","""Anseriformes""",147875
"""2022-10""","""Anas platyrhynchos""","""Anseriformes""",145340
"""2022-10""","""Anser anser""","""Anseriformes""",141960
"""2022-10""","""Phasianus colchicus""","""Galliformes""",122694
"""2022-10""","""Anas crecca""","""Anseriformes""",118300
"""2022-10""","""Sterna hirundo""","""Charadriiformes""",52390
"""2022-10""","""Anser brachyrhynchus""","""Anseriformes""",48672
"""2022-10""","""Morus bassanus""","""Pelecaniformes""",38870
"""2022-10""","""Larus argentatus""","""Charadriiformes""",19097
"""2022-10""","""Anser sp.""","""Anseriformes""",14534
"""2022-10""","""Egretta garzetta""","""Pelecaniformes""",13182
"""2022-10""","""Accipiter nisus""","""Accipitriformes""",12506
"""2022-10""","""Mareca penelope""","""Anseriformes""",9633
"""2022-10""","""Columba livia""","""Columbiformes""",9126
"""2022-10""","""Mephitis mephitis""","""Carnivora""",8788
"""2022-10""","""Branta leucopsis""","""Anseriformes""",7774
"""2022-10""","""Alectoris rufa""","""Galliformes""",6591
"""2022-10""","""Larus fuscus graellsii""","""Charadriiformes""",6591
"""2022-10""","""Pandion haliaetus""","""Accipitriformes""",6591
"""2022-10""","""Milvus milvus""","""Accipitriformes""",6422
"""2022-10""","""Falco tinnunculus""","""Falconiformes""",6084
"""2022-10""","""Strix aluco""","""Strigiformes""",6084
"""2022-10""","""Corvus corone""","""Passeriformes""",5915
"""2022-10""","""Ciconia ciconia""","""Ciconiiformes""",5915
"""2022-10""","""Anser albifrons""","""Anseriformes""",4901
"""2022-10""","""Numenius arquata""","""Charadriiformes""",4056
"""2022-10""","""Morus capensis""","""Pelecaniformes""",3042
"""2022-10""","""Didelphis virginiana""","""Didelphimorphia""",2197
"""2022-10""","""Vulpes vulpes""","""Carnivora""",2197
"""2022-10""","""Ursus arctos""","""Carnivora""",1690
"""2022-10""","""Bos taurus""","""Artiodactyla""",507
"""2022-10""","""Falco rusticolus""","""Falconiformes""",338
"""2022-10""","""Corvus corax""","""Passeriformes""",338
"""2022-10""","""Spatula discors""","""Anseriformes""",169
"""2022-10""","""Corvus frugilegus""","""Passeriformes""",169
"""2022-10""","""Haliaeetus albicilla""","""Accipitriformes""",169
"""2022-11""","""Grus monacha""","""Gruiformes""",1671579
"""2022-11""","""Cygnus olor""","""Anseriformes""",300651
"""2022-11""","""Anser anser""","""Anseriformes""",129116
"""2022-11""","""Branta canadensis""","""Anseriformes""",119483
"""2022-11""","""Spheniscus demersus""","""Sphenisciformes""",76557
"""2022-11""","""Chroicocephalus ridibundus""","""Charadriiformes""",73008
"""2022-11""","""Antigone vipio""","""Gruiformes""",66586
"""2022-11""","""Anas crecca""","""Anseriformes""",61516
"""2022-11""","""Branta leucopsis""","""Anseriformes""",55770
"""2022-11""","""Larus argentatus""","""Charadriiformes""",47827
"""2022-11""","""Phasianus colchicus""","""Galliformes""",28899
"""2022-11""","""Accipiter nisus""","""Accipitriformes""",26026
"""2022-11""","""Mephitis mephitis""","""Carnivora""",20956
"""2022-11""","""Spatula discors""","""Anseriformes""",20280
"""2022-11""","""Anas platyrhynchos""","""Anseriformes""",17407
"""2022-11""","""Sterna hirundo""","""Charadriiformes""",16731
"""2022-11""","""Anser brachyrhynchus""","""Anseriformes""",16731
"""2022-11""","""Corvus macrorhynchos""","""Passeriformes""",11492
"""2022-11""","""Falco tinnunculus""","""Falconiformes""",10816
"""2022-11""","""Dendrocopos major""","""Piciformes""",8281
"""2022-11""","""Columba livia""","""Columbiformes""",6084
"""2022-11""","""Charadrius hiaticula""","""Charadriiformes""",5408
"""2022-11""","""Uria aalge""","""Charadriiformes""",5408
"""2022-11""","""Strix aluco""","""Strigiformes""",5070
"""2022-11""","""Phoenicopterus roseus""","""Phoenicopteriformes""",4563
"""2022-11""","""Mareca penelope""","""Anseriformes""",4225
"""2022-11""","""Larus schistisagus""","""Charadriiformes""",3718
"""2022-11""","""Cygnus columbianus""","""Anseriformes""",3718
"""2022-11""","""Milvus milvus""","""Accipitriformes""",3549
"""2022-11""","""Streptopelia decaocto""","""Columbiformes""",2704
"""2022-11""","""Anas acuta""","""Anseriformes""",2366
"""2022-11""","""Ardea cinerea""","""Pelecaniformes""",2028
"""2022-11""","""Grus japonensis""","""Gruiformes""",1859
"""2022-11""","""Ciconia boyciana""","""Ciconiiformes""",1859
"""2022-11""","""Milvus migrans""","""Accipitriformes""",1690
"""2022-11""","""Ursus arctos""","""Carnivora""",1690
"""2022-11""","""Haliaeetus albicilla""","""Accipitriformes""",1352
"""2022-11""","""Phalacrocorax capensis""","""Pelecaniformes""",1014
"""2022-11""","""Quiscalus mexicanus""","""Passeriformes""",845
"""2022-11""","""Calidris alpina""","""Charadriiformes""",507
"""2022-11""","""Anser caerulescens caerulescens""","""Anseriformes""",507
"""2022-11""","""Lontra canadensis""","""Carnivora""",507
"""2022-11""","""Platalea minor""","""Pelecaniformes""",169
"""2022-11""","""Tyto alba""","""Strigiformes""",169
"""2022-12""","""Grus monacha""","""Gruiformes""",409487
"""2022-12""","""Cygnus olor""","""Anseriformes""",193167
"""2022-12""","""Branta canadensis""","""Anseriformes""",122356
"""2022-12""","""Chroicocephalus ridibundus""","""Charadriiformes""",80275
"""2022-12""","""Anser anser""","""Anseriformes""",63544
"""2022-12""","""Sula variegata""","""Pelecaniformes""",49179
"""2022-12""","""Anser brachyrhynchus""","""Anseriformes""",49179
"""2022-12""","""Antigone vipio""","""Gruiformes""",23153
"""2022-12""","""Larus argentatus""","""Charadriiformes""",22984
"""2022-12""","""Mareca penelope""","""Anseriformes""",18421
"""2022-12""","""Sterna hirundo""","""Charadriiformes""",14703
"""2022-12""","""Accipiter nisus""","""Accipitriformes""",13520
"""2022-12""","""Columba livia""","""Columbiformes""",13013
"""2022-12""","""Branta leucopsis""","""Anseriformes""",11492
"""2022-12""","""Larus fuscus graellsii""","""Charadriiformes""",9126
"""2022-12""","""Leucophaeus modestus""","""Charadriiformes""",8788
"""2022-12""","""Phalacrocorax carbo""","""Pelecaniformes""",8619
"""2022-12""","""Accipiter gentilis""","""Accipitriformes""",8450
"""2022-12""","""Corvus macrorhynchos""","""Passeriformes""",8281
"""2022-12""","""Laridae""","""Charadriiformes""",7943
"""2022-12""","""Anas crecca""","""Anseriformes""",7098
"""2022-12""","""Anas platyrhynchos""","""Anseriformes""",6084
"""2022-12""","""Falco sparverius""","""Falconiformes""",4563
"""2022-12""","""Falco tinnunculus""","""Falconiformes""",4563
"""2022-12""","""Larus dominicanus""","""Charadriiformes""",4225
"""2022-12""","""Vulpes vulpes""","""Carnivora""",4225
"""2022-12""","""Cathartes aura""","""Accipitriformes""",4056
"""2022-12""","""Haliaeetus albicilla""","""Accipitriformes""",3887
"""2022-12""","""Felis catus""","""Carnivora""",3549
"""2022-12""","""Phalacrocorax brasilianus""","""Pelecaniformes""",3549
"""2022-12""","""Larosterna inca""","""Charadriiformes""",3549
"""2022-12""","""Stercorarius chilensis""","""Charadriiformes""",2704
"""2022-12""","""Aix galericulata""","""Anseriformes""",2704
"""2022-12""","""Phoenicopterus roseus""","""Phoenicopteriformes""",2704
"""2022-12""","""Thalasseus elegans""","""Charadriiformes""",2535
"""2022-12""","""Tyto alba""","""Strigiformes""",2366
"""2022-12""","""Anser caerulescens caerulescens""","""Anseriformes""",1690
"""2022-12""","""Platalea minor""","""Pelecaniformes""",1521
"""2022-12""","""Mephitis mephitis""","""Carnivora""",1521
"""2022-12""","""Ursus arctos""","""Carnivora""",1521
"""2022-12""","""Ardea cinerea""","""Pelecaniformes""",1352
"""2022-12""","""Haliaeetus pelagicus""","""Accipitriformes""",1352
"""2022-12""","""Sterna hirundinacea""","""Charadriiformes""",1183
"""2022-12""","""Coragyps atratus""","""Accipitriformes""",1183
"""2022-12""","""Phalacrocorax gaimardi""","""Pelecaniformes""",1183
"""2022-12""","""Calidris alba""","""Charadriiformes""",1183
"""2022-12""","""Aythya marila""","""Anseriformes""",1183
"""2022-12""","""Lynx rufus""","""Carnivora""",1183
"""2022-12""","""Anser albifrons""","""Anseriformes""",1014
"""2022-12""","""Sula nebouxii""","""Pelecaniformes""",676
"""2022-12""","""Quiscalus mexicanus""","""Passeriformes""",169
"""2022-12""","""Phoenicopterus chilensis""","""Phoenicopteriformes""",169
"""2022-2""","""Corvus splendens""","""Passeriformes""",12675
"""2022-2""","""Ciconia ciconia""","""Ciconiiformes""",3211
"""2022-2""","""Cygnus olor""","""Anseriformes""",2028
"""2022-2""","""Phalacrocorax carbo""","""Pelecaniformes""",338
"""2022-3""","""Sterna hirundo""","""Charadriiformes""",2197
"""2022-3""","""Vulpes vulpes""","""Carnivora""",507
"""2022-3""","""Pelecanus crispus""","""Pelecaniformes""",507
"""2022-3""","""Uria aalge""","""Charadriiformes""",338
"""2022-4""","""Vulpes vulpes""","""Carnivora""",68276
"""2022-4""","""Morus bassanus""","""Pelecaniformes""",5408
"""2022-4""","""Lynx rufus""","""Carnivora""",3380
"""2022-4""","""Pekania pennanti""","""Carnivora""",2704
"""2022-4""","""Mephitis mephitis""","""Carnivora""",2197
"""2022-4""","""Ciconia ciconia""","""Ciconiiformes""",2028
"""2022-4""","""Puma""","""Carnivora""",1690
"""2022-4""","""Pelecanus crispus""","""Pelecaniformes""",1690
"""2022-4""","""Anser brachyrhynchus""","""Anseriformes""",1521
"""2022-4""","""Larus marinus""","""Charadriiformes""",1352
"""2022-4""","""Anser anser""","""Anseriformes""",1352
"""2022-4""","""Anas platyrhynchos""","""Anseriformes""",845
"""2022-4""","""Branta leucopsis""","""Anseriformes""",676
"""2022-4""","""Chroicocephalus ridibundus""","""Charadriiformes""",676
"""2022-4""","""Stercorarius skua""","""Charadriiformes""",676
"""2022-4""","""Corvus corax""","""Passeriformes""",507
"""2022-4""","""Nyctereutes procyonoides""","""Carnivora""",338
"""2022-4""","""Neogale vison""","""Carnivora""",169
"""2022-4""","""Corvus corone""","""Passeriformes""",169
"""2022-5""","""Ichthyaetus ichthyaetus""","""Charadriiformes""",152100
"""2022-5""","""Vulpes vulpes""","""Carnivora""",103935
"""2022-5""","""Mephitis mephitis""","""Carnivora""",12168
"""2022-5""","""Pelecanus crispus""","""Pelecaniformes""",10985
"""2022-5""","""Stercorarius skua""","""Charadriiformes""",6929
"""2022-5""","""Didelphis virginiana""","""Didelphimorphia""",6760
"""2022-5""","""Canis latrans""","""Carnivora""",3380
"""2022-5""","""Lynx rufus""","""Carnivora""",3380
"""2022-5""","""Chlidonias hybrida""","""Charadriiformes""",3042
"""2022-5""","""Larus argentatus""","""Charadriiformes""",1014
"""2022-5""","""Larus fuscus graellsii""","""Charadriiformes""",507
"""2022-6""","""Phoca vitulina""","""Carnivora""",19773
"""2022-6""","""Chroicocephalus ridibundus""","""Charadriiformes""",16900
"""2022-6""","""Vulpes vulpes""","""Carnivora""",9802
"""2022-6""","""Mephitis mephitis""","""Carnivora""",8957
"""2022-6""","""Anas platyrhynchos""","""Anseriformes""",6084
"""2022-6""","""Uria aalge""","""Charadriiformes""",5070
"""2022-6""","""Sterna hirundo""","""Charadriiformes""",2028
"""2022-6""","""Morus bassanus""","""Pelecaniformes""",1859
"""2022-6""","""Columba livia""","""Columbiformes""",1690
"""2022-6""","""Stercorarius skua""","""Charadriiformes""",845
"""2022-7""","""Uria aalge""","""Charadriiformes""",152100
"""2022-7""","""Chroicocephalus brunnicephalus""","""Charadriiformes""",46137
"""2022-7""","""Phoca vitulina""","""Carnivora""",27378
"""2022-7""","""Morus bassanus""","""Pelecaniformes""",6084
"""2022-7""","""Larus argentatus""","""Charadriiformes""",4732
"""2022-7""","""Halichoerus grypus""","""Carnivora""",2873
"""2022-7""","""Mephitis mephitis""","""Carnivora""",2704
"""2022-7""","""Sterna hirundo""","""Charadriiformes""",1690
"""2022-7""","""Sterna paradisaea""","""Charadriiformes""",1014
"""2022-7""","""Spheniscus demersus""","""Sphenisciformes""",1014
"""2022-7""","""Columba livia""","""Columbiformes""",845
"""2022-7""","""Larus michahellis atlantis""","""Charadriiformes""",169
"""2022-8""","""Bos taurus""","""Artiodactyla""",2028
"""2022-8""","""Anas platyrhynchos""","""Anseriformes""",676
"""2022-8""","""Morus bassanus""","""Pelecaniformes""",338
"""2022-8""","""Ursus maritimus""","""Carnivora""",169
"""2022-9""","""Chroicocephalus ridibundus""","""Charadriiformes""",189956
"""2022-9""","""Branta canadensis""","""Anseriformes""",49517
"""2022-9""","""Cygnus olor""","""Anseriformes""",43940
"""2022-9""","""Anser anser""","""Anseriformes""",28899
"""2022-9""","""Fulmarus glacialis""","""Procellariiformes""",15041
"""2022-9""","""Larus argentatus""","""Charadriiformes""",14703
"""2022-9""","""Larus canus""","""Charadriiformes""",13182
"""2022-9""","""Larus fuscus graellsii""","""Charadriiformes""",13013
"""2022-9""","""Gallinula chloropus""","""Gruiformes""",10478
"""2022-9""","""Vulpes vulpes""","""Carnivora""",10478
"""2022-9""","""Morus bassanus""","""Pelecaniformes""",5239
"""2022-9""","""Panthera pardus orientalis""","""Carnivora""",2366
"""2022-9""","""Bos taurus""","""Artiodactyla""",1859
"""2022-9""","""Columba livia""","""Columbiformes""",1690
"""2022-9""","""Corvus corax""","""Passeriformes""",1690
"""2022-9""","""Stercorarius skua""","""Charadriiformes""",1352
"""2022-9""","""Nasua nasua""","""Carnivora""",1014
"""2022-9""","""Anas crecca""","""Anseriformes""",676
"""2022-9""","""Larus marinus""","""Charadriiformes""",676
"""2022-9""","""Circus cyaneus""","""Accipitriformes""",507
"""2023-1""","""Cygnus olor""","""Anseriformes""",254683
"""2023-1""","""Chroicocephalus ridibundus""","""Charadriiformes""",127088
"""2023-1""","""Larus argentatus""","""Charadriiformes""",29744
"""2023-1""","""Accipiter nisus""","""Accipitriformes""",25350
"""2023-1""","""Anas platyrhynchos""","""Anseriformes""",24167
"""2023-1""","""Branta canadensis""","""Anseriformes""",24167
"""2023-1""","""Mephitis mephitis""","""Carnivora""",22815
"""2023-1""","""Larus michahellis atlantis""","""Charadriiformes""",17576
"""2023-1""","""Corvus macrorhynchos""","""Passeriformes""",15548
"""2023-1""","""Sula variegata""","""Pelecaniformes""",15379
"""2023-1""","""Anser anser""","""Anseriformes""",11999
"""2023-1""","""Sterna hirundo""","""Charadriiformes""",11661
"""2023-1""","""Vulpes vulpes""","""Carnivora""",11661
"""2023-1""","""Strix aluco""","""Strigiformes""",11323
"""2023-1""","""Larus dominicanus""","""Charadriiformes""",11154
"""2023-1""","""Branta leucopsis""","""Anseriformes""",10478
"""2023-1""","""Phalacrocorax carbo""","""Pelecaniformes""",8281
"""2023-1""","""Ardea cinerea""","""Pelecaniformes""",7098
"""2023-1""","""Grus monacha""","""Gruiformes""",6929
"""2023-1""","""Larosterna inca""","""Charadriiformes""",5915
"""2023-1""","""Puma""","""Carnivora""",5746
"""2023-1""","""Leucophaeus modestus""","""Charadriiformes""",4394
"""2023-1""","""Ardea alba""","""Pelecaniformes""",3549
"""2023-1""","""Felis catus""","""Carnivora""",3549
"""2023-1""","""Lynx rufus""","""Carnivora""",3380
"""2023-1""","""Anser brachyrhynchus""","""Anseriformes""",3211
"""2023-1""","""Leucophaeus pipixcan""","""Charadriiformes""",2366
"""2023-1""","""Cathartes aura""","""Accipitriformes""",2366
"""2023-1""","""Accipiter gentilis""","""Accipitriformes""",1859
"""2023-1""","""Buteo lagopus""","""Accipitriformes""",1690
"""2023-1""","""Larus canus""","""Charadriiformes""",1690
"""2023-1""","""Bubo bubo""","""Strigiformes""",1183
"""2023-1""","""Sterna hirundinacea""","""Charadriiformes""",1183
"""2023-1""","""Rynchops niger""","""Charadriiformes""",1183
"""2023-1""","""Cygnus melancoryphus""","""Anseriformes""",1183
"""2023-1""","""Tringa flavipes""","""Charadriiformes""",1183
"""2023-1""","""Cygnus columbianus""","""Anseriformes""",1183
"""2023-1""","""Strix uralensis""","""Strigiformes""",1183
"""2023-1""","""Haliaeetus albicilla""","""Accipitriformes""",1183
"""2023-1""","""Ciconia ciconia""","""Ciconiiformes""",1014
"""2023-1""","""Corvus corone""","""Passeriformes""",1014
"""2023-1""","""Mareca penelope""","""Anseriformes""",1014
"""2023-1""","""Bos taurus""","""Artiodactyla""",338
"""2023-1""","""Spatula clypeata""","""Anseriformes""",169
"""2023-2""","""Chroicocephalus ridibundus""","""Charadriiformes""",790075
"""2023-2""","""Cygnus olor""","""Anseriformes""",72501
"""2023-2""","""Anser brachyrhynchus""","""Anseriformes""",13013
"""2023-2""","""Puma""","""Carnivora""",11492
"""2023-2""","""Branta leucopsis""","""Anseriformes""",10647
"""2023-2""","""Corvus splendens""","""Passeriformes""",10140
"""2023-2""","""Mephitis mephitis""","""Carnivora""",10140
"""2023-2""","""Ardea cinerea""","""Pelecaniformes""",9633
"""2023-2""","""Corvus macrorhynchos""","""Passeriformes""",7605
"""2023-2""","""Larus cachinnans""","""Charadriiformes""",6929
"""2023-2""","""Sterna hirundo""","""Charadriiformes""",6422
"""2023-2""","""Larus michahellis atlantis""","""Charadriiformes""",6253
"""2023-2""","""Lynx rufus""","""Carnivora""",5239
"""2023-2""","""Larus dominicanus""","""Charadriiformes""",4901
"""2023-2""","""Strix aluco""","""Strigiformes""",4394
"""2023-2""","""Ardea alba""","""Pelecaniformes""",4225
"""2023-2""","""Netta rufina""","""Anseriformes""",4225
"""2023-2""","""Coscoroba coscoroba""","""Anseriformes""",4225
"""2023-2""","""Streptopelia decaocto""","""Columbiformes""",3380
"""2023-2""","""Phalacrocorax carbo""","""Pelecaniformes""",3042
"""2023-2""","""Fringilla coelebs""","""Passeriformes""",2873
"""2023-2""","""Sula variegata""","""Pelecaniformes""",2535
"""2023-2""","""Anas platyrhynchos""","""Anseriformes""",2366
"""2023-2""","""Anser albifrons""","""Anseriformes""",2197
"""2023-2""","""Vulpes vulpes""","""Carnivora""",1690
"""2023-2""","""Cygnus columbianus""","""Anseriformes""",1690
"""2023-2""","""Accipiter gentilis""","""Accipitriformes""",1690
"""2023-2""","""Larus argentatus""","""Charadriiformes""",1521
"""2023-2""","""Ciconia ciconia""","""Ciconiiformes""",1183
"""2023-2""","""Anser anser""","""Anseriformes""",1183
"""2023-2""","""Bubo bubo""","""Strigiformes""",1183
"""2023-2""","""Cygnus atratus""","""Anseriformes""",1014
"""2023-2""","""Enicognathus ferrugineus""","""Psittaciformes""",845
"""2023-2""","""Laridae""","""Charadriiformes""",845
"""2023-2""","""Corvus corax""","""Passeriformes""",845
"""2023-2""","""Garrulus glandarius""","""Passeriformes""",845
"""2023-2""","""Cygnus melancoryphus""","""Anseriformes""",676
"""2023-2""","""Chlidonias hybrida""","""Charadriiformes""",338
"""2023-2""","""Bos taurus""","""Artiodactyla""",169
"""2023-3""","""Chroicocephalus ridibundus""","""Charadriiformes""",448695
"""2023-3""","""Cygnus olor""","""Anseriformes""",153790
"""2023-3""","""Thalasseus maximus""","""Charadriiformes""",56784
"""2023-3""","""Corvus macrorhynchos""","""Passeriformes""",14872
"""2023-3""","""Ciconia ciconia""","""Ciconiiformes""",10478
"""2023-3""","""Mephitis mephitis""","""Carnivora""",10140
"""2023-3""","""Puma""","""Carnivora""",7943
"""2023-3""","""Anser brachyrhynchus""","""Anseriformes""",7605
"""2023-3""","""Larus argentatus""","""Charadriiformes""",7267
"""2023-3""","""Larus michahellis atlantis""","""Charadriiformes""",5239
"""2023-3""","""Larus cachinnans""","""Charadriiformes""",4901
"""2023-3""","""Podiceps cristatus""","""Podicipediformes""",4901
"""2023-3""","""Accipiter nisus""","""Accipitriformes""",4901
"""2023-3""","""Vulpes vulpes""","""Carnivora""",4056
"""2023-3""","""Passer montanus""","""Passeriformes""",3380
"""2023-3""","""Felis catus""","""Carnivora""",3042
"""2023-3""","""Branta leucopsis""","""Anseriformes""",2873
"""2023-3""","""Tachybaptus ruficollis""","""Podicipediformes""",2873
"""2023-3""","""Anser anser""","""Anseriformes""",2535
"""2023-3""","""Milvus milvus""","""Accipitriformes""",2366
"""2023-3""","""Corvus corone""","""Passeriformes""",2366
"""2023-3""","""Haematopus ostralegus""","""Charadriiformes""",2366
"""2023-3""","""Falco tinnunculus""","""Falconiformes""",2366
"""2023-3""","""Phalacrocorax carbo""","""Pelecaniformes""",1690
"""2023-3""","""Martes americana""","""Carnivora""",1690
"""2023-3""","""Sterna hirundo""","""Charadriiformes""",1352
"""2023-3""","""Haliaeetus albicilla""","""Accipitriformes""",1352
"""2023-3""","""Egretta garzetta""","""Pelecaniformes""",1183
"""2023-3""","""Bubo bubo""","""Strigiformes""",845
"""2023-3""","""Coloeus monedula""","""Passeriformes""",676
"""2023-3""","""Accipiter gentilis""","""Accipitriformes""",676
"""2023-3""","""Canis lupus familiaris""","""Carnivora""",507
"""2023-3""","""Halichoerus grypus""","""Carnivora""",338
"""2023-3""","""Coscoroba coscoroba""","""Anseriformes""",338
"""2023-3""","""Caracara""","""Falconiformes""",338
"""2023-3""","""Sterna hirundinacea""","""Charadriiformes""",338
"""2023-3""","""Stercorarius chilensis""","""Charadriiformes""",338
"""2023-3""","""Ichthyaetus ichthyaetus""","""Charadriiformes""",338
"""2023-3""","""Pekania pennanti""","""Carnivora""",338
"""2023-3""","""Anas platyrhynchos""","""Anseriformes""",169
"""2023-4""","""Chroicocephalus ridibundus""","""Charadriiformes""",144326
"""2023-4""","""Chroicocephalus brunnicephalus""","""Charadriiformes""",23491
"""2023-4""","""Vulpes vulpes""","""Carnivora""",19266
"""2023-4""","""Larus argentatus""","""Charadriiformes""",7267
"""2023-4""","""Cygnus melancoryphus""","""Anseriformes""",5408
"""2023-4""","""Enicognathus leptorhynchus""","""Psittaciformes""",2704
"""2023-4""","""Corvus macrorhynchos""","""Passeriformes""",2535
"""2023-4""","""Puma""","""Carnivora""",2535
"""2023-4""","""Bubo bubo""","""Strigiformes""",2197
"""2023-4""","""Branta canadensis""","""Anseriformes""",2028
"""2023-4""","""Ciconia ciconia""","""Ciconiiformes""",1859
"""2023-4""","""Canis lupus familiaris""","""Carnivora""",1690
"""2023-4""","""Cygnus olor""","""Anseriformes""",1352
"""2023-4""","""Chloephaga picta""","""Anseriformes""",1183
"""2023-4""","""Accipiter gentilis""","""Accipitriformes""",1183
"""2023-4""","""Mephitis mephitis""","""Carnivora""",845
"""2023-4""","""Milvus milvus""","""Accipitriformes""",676
"""2023-4""","""Falco tinnunculus""","""Falconiformes""",507
"""2023-4""","""Coscoroba coscoroba""","""Anseriformes""",338
"""2023-4""","""Stercorarius chilensis""","""Charadriiformes""",338
"""2023-4""","""Pekania pennanti""","""Carnivora""",338
"""2023-4""","""Gelochelidon nilotica""","""Charadriiformes""",169
"""2023-4""","""Platalea minor""","""Pelecaniformes""",169
"""2023-4""","""Passer domesticus""","""Passeriformes""",169
"""2023-5""","""Chroicocephalus ridibundus""","""Charadriiformes""",303186
"""2023-5""","""Cygnus melancoryphus""","""Anseriformes""",136552
"""2023-5""","""Chroicocephalus brunnicephalus""","""Charadriiformes""",82303
"""2023-5""","""Sterna hirundo""","""Charadriiformes""",26702
"""2023-5""","""Larus argentatus""","""Charadriiformes""",14872
"""2023-5""","""Haematopus ostralegus""","""Charadriiformes""",3042
"""2023-5""","""Vulpes vulpes""","""Carnivora""",2197
"""2023-5""","""Podiceps cristatus""","""Podicipediformes""",2028
"""2023-5""","""Thalasseus maximus""","""Charadriiformes""",1521
"""2023-5""","""Larus fuscus graellsii""","""Charadriiformes""",1521
"""2023-5""","""Megascops choliba""","""Strigiformes""",1352
"""2023-5""","""Larus canus""","""Charadriiformes""",1352
"""2023-5""","""Cygnus olor""","""Anseriformes""",1352
"""2023-5""","""Thalasseus sandvicensis""","""Charadriiformes""",1352
"""2023-5""","""Phalacrocorax brasilianus""","""Pelecaniformes""",1183
"""2023-5""","""Chroicocephalus cirrocephalus""","""Charadriiformes""",1183
"""2023-5""","""Pica pica""","""Passeriformes""",1183
"""2023-5""","""Anas platyrhynchos""","""Anseriformes""",1183
"""2023-5""","""Gallinula chloropus""","""Gruiformes""",845
"""2023-5""","""Mephitis mephitis""","""Carnivora""",676
"""2023-5""","""Bos taurus""","""Artiodactyla""",338
"""2023-5""","""Larus michahellis atlantis""","""Charadriiformes""",338
"""2023-5""","""Sula nebouxii""","""Pelecaniformes""",338
"""2023-5""","""Sula leucogaster""","""Pelecaniformes""",169
"""2023-5""","""Martes martes""","""Carnivora""",169
"""2023-6""","""Chroicocephalus ridibundus""","""Charadriiformes""",78585
"""2023-6""","""Thalasseus sandvicensis""","""Charadriiformes""",21970
"""2023-6""","""Thalasseus maximus""","""Charadriiformes""",16393
"""2023-6""","""Sterna hirundo""","""Charadriiformes""",10478
"""2023-6""","""Rissa tridactyla""","""Charadriiformes""",7098
"""2023-6""","""Chroicocephalus genei""","""Charadriiformes""",6084
"""2023-6""","""Larus argentatus""","""Charadriiformes""",4056
"""2023-6""","""Sterna hirundinacea""","""Charadriiformes""",1859
"""2023-6""","""Caracara plancus""","""Falconiformes""",1352
"""2023-6""","""Larus canus""","""Charadriiformes""",1183
"""2023-6""","""Phalacrocorax carbo""","""Pelecaniformes""",1014
"""2023-6""","""Buteogallus urubitinga""","""Accipitriformes""",1014
"""2023-6""","""Larus marinus""","""Charadriiformes""",1014
"""2023-6""","""Haliaeetus albicilla""","""Accipitriformes""",1014
"""2023-6""","""Rupornis magnirostris""","""Accipitriformes""",845
"""2023-6""","""Ciconia ciconia""","""Ciconiiformes""",676
"""2023-6""","""Uria aalge""","""Charadriiformes""",676
"""2023-6""","""Larus fuscus graellsii""","""Charadriiformes""",676
"""2023-6""","""Sternula albifrons""","""Charadriiformes""",676
"""2023-6""","""Chroicocephalus maculipennis""","""Charadriiformes""",507
"""2023-6""","""Somateria mollissima""","""Anseriformes""",338
"""2023-6""","""Vulpes vulpes""","""Carnivora""",338
"""2023-6""","""Sterna dougallii""","""Charadriiformes""",338
"""2023-6""","""Milvus milvus""","""Accipitriformes""",338
"""2023-6""","""Ichthyaetus melanocephalus""","""Charadriiformes""",338
"""2023-6""","""Larus michahellis atlantis""","""Charadriiformes""",338
"""2023-6""","""Passer domesticus""","""Passeriformes""",0
"""2023-7""","""Chroicocephalus ridibundus""","""Charadriiformes""",16562
"""2023-7""","""Rissa tridactyla""","""Charadriiformes""",1352
"""2023-7""","""Thalasseus maximus""","""Charadriiformes""",676
"""2023-7""","""Larus argentatus""","""Charadriiformes""",338
"""2023-7""","""Sterna hirundo""","""Charadriiformes""",338
"""2023-7""","""Larus canus""","""Charadriiformes""",169
"""2023-7""","""Uria aalge""","""Charadriiformes""",169